asn,asn_name,asn_org,attacks,unique_ips,max_risk_score,risk_level,risk_reasons,tor_exit_ips,spamhaus_drop_hits,spamhaus_asndrop,bph_flag,bph_label,bph_confidence
AS197170,TECHTIES-AS,TechTies Inc.,327317,133,55,medium,repeated_attacks_ge_10;repeated_attacks_ge_2;repeated_attacks_ge_5;spamhaus_drop_match,0,95,False,False,,
UNKNOWN,,,166627,48,55,medium,repeated_attacks_ge_10;repeated_attacks_ge_2;repeated_attacks_ge_5;spamhaus_drop_match,0,3,False,False,,
AS47890,UNMANAGED-DEDICATED-SERVERS,UNMANAGED LTD,50667,38,55,medium,repeated_attacks_ge_10;repeated_attacks_ge_2;repeated_attacks_ge_5;spamhaus_drop_match,0,36,False,False,,
AS213790,,,40861,28,55,medium,repeated_attacks_ge_10;repeated_attacks_ge_2;repeated_attacks_ge_5;spamhaus_drop_match,0,28,False,False,,
AS208137,FPS12,Aneta Kovarova,33067,13,55,medium,repeated_attacks_ge_10;repeated_attacks_ge_2;spamhaus_drop_match,0,13,False,False,,
AS48090,DMZHOST,AD-Tech,28630,30,55,medium,repeated_attacks_ge_10;repeated_attacks_ge_2;repeated_attacks_ge_5;spamhaus_drop_match,0,30,False,False,,
AS135377,,,28448,519,55,medium,repeated_attacks_ge_10;repeated_attacks_ge_2;repeated_attacks_ge_5;spamhaus_drop_match,0,38,False,False,,
AS25369,BANDWIDTH-AS,HYDRA-MNT,27006,1723,55,medium,repeated_attacks_ge_10;repeated_attacks_ge_2;repeated_attacks_ge_5;spamhaus_drop_match,0,563,False,False,,
AS49870,AS49870-BV,AS49870 B.V.,21599,19,55,medium,repeated_attacks_ge_10;repeated_attacks_ge_2;repeated_attacks_ge_5;spamhaus_drop_match,0,1,False,False,,
AS219502,STORMCLOUD-AS,Storm Industries LLC,19827,99,55,medium,repeated_attacks_ge_10;repeated_attacks_ge_2;repeated_attacks_ge_5;spamhaus_drop_match,0,99,False,False,,
AS215925,VPSVAULTHOST,Administration,17612,51,55,medium,repeated_attacks_ge_10;repeated_attacks_ge_2;repeated_attacks_ge_5;spamhaus_drop_match;tor_exit_match,1,4,False,False,,
AS202412,,,5378,27,55,medium,repeated_attacks_ge_10;repeated_attacks_ge_2;repeated_attacks_ge_5;spamhaus_drop_match,0,27,False,False,,
AS213388,,,4565,14,55,medium,repeated_attacks_ge_10;repeated_attacks_ge_5;spamhaus_drop_match,0,14,False,False,,
AS51396,,,3880,56,55,medium,repeated_attacks_ge_10;repeated_attacks_ge_2;repeated_attacks_ge_5;spamhaus_drop_match,0,56,False,False,,
AS205759,GHOSTYNETWORKS,Administration,3630,48,55,medium,repeated_attacks_ge_10;repeated_attacks_ge_2;repeated_attacks_ge_5;spamhaus_drop_match,0,48,False,False,,
AS215930,,,3266,5,55,medium,repeated_attacks_ge_10;spamhaus_drop_match,0,5,False,False,,
AS204428,,,2930,10,55,medium,repeated_attacks_ge_10;repeated_attacks_ge_5;spamhaus_drop_match,0,10,False,False,,
AS209605,,,2481,40,55,medium,repeated_attacks_ge_10;repeated_attacks_ge_2;repeated_attacks_ge_5;spamhaus_drop_match,0,40,False,False,,
AS401626,,,2284,60,55,medium,repeated_attacks_ge_10;repeated_attacks_ge_2;repeated_attacks_ge_5;spamhaus_drop_match,0,60,False,False,,
AS207812,DM_AUTO,MNT-LIR-BG,804,5,55,medium,repeated_attacks_ge_10;spamhaus_drop_match,0,5,False,False,,
AS197769,,,640,18,55,medium,repeated_attacks_ge_10;repeated_attacks_ge_2;repeated_attacks_ge_5;spamhaus_drop_match,0,18,False,False,,
AS198584,PIO-Hosting,Marcel Edler,394,5,55,medium,repeated_attacks_ge_10;repeated_attacks_ge_2;repeated_attacks_ge_5;spamhaus_drop_match,0,5,False,False,,
AS210558,services-1337-gmbh,lir-de-1337services-1-MNT,380,9,55,medium,repeated_attacks_ge_10;repeated_attacks_ge_2;repeated_attacks_ge_5;spamhaus_drop_match,0,9,False,False,,
AS402253,SKN-NETWORK-1,SKN Subnet & Telecom Ltd,321,15,55,medium,repeated_attacks_ge_10;repeated_attacks_ge_2;repeated_attacks_ge_5;spamhaus_drop_match,0,15,False,False,,
AS210006,ASKZ,admin-c,278,4,55,medium,repeated_attacks_ge_10;repeated_attacks_ge_5;spamhaus_drop_match,0,4,False,False,,
AS211736,FDN3,Dmytro Nedilskyi,210,4,55,medium,repeated_attacks_ge_10;spamhaus_drop_match,0,4,False,False,,
AS198953,proton66,lir-ru-proton66-1-MNT,170,4,55,medium,repeated_attacks_ge_10;spamhaus_drop_match,0,4,False,False,,
AS209373,,,148,9,55,medium,repeated_attacks_ge_10;repeated_attacks_ge_5;spamhaus_drop_match,0,9,False,False,,
AS212238,CDNEXT,DATACAMP-MNT,145,7,55,medium,repeated_attacks_ge_10;repeated_attacks_ge_2;repeated_attacks_ge_5;spamhaus_drop_match,0,1,False,False,,
AS14987,RETHEMHOSTING,Rethem Hosting LLC,87,7,55,medium,repeated_attacks_ge_10;repeated_attacks_ge_5;spamhaus_drop_match,0,7,False,False,,
AS200593,PROSPERO-AS,NOC Dept.,28,1,55,medium,repeated_attacks_ge_10;spamhaus_drop_match,0,1,False,False,,
AS205775,,,10,1,55,medium,repeated_attacks_ge_10;spamhaus_drop_match,0,1,False,False,,
AS201814,,,200798,28,50,medium,repeated_attacks_ge_10;repeated_attacks_ge_2;repeated_attacks_ge_5;spamhaus_drop_match,0,1,False,False,,
AS19318,,,5805,10,50,medium,repeated_attacks_ge_10;repeated_attacks_ge_2;repeated_attacks_ge_5;spamhaus_drop_match,0,1,False,False,,
AS209946,ALINDA-AS,ALINDA-MNT,19,2,50,medium,repeated_attacks_ge_10;repeated_attacks_ge_5;spamhaus_drop_match,0,1,False,False,,
AS209425,,,10,2,50,medium,repeated_attacks_ge_2;repeated_attacks_ge_5;spamhaus_drop_match,0,2,False,False,,
AS174,COGENT-174,"Cogent Communications, LLC",931,13,40,medium,repeated_attacks_ge_10;repeated_attacks_ge_2;repeated_attacks_ge_5;spamhaus_drop_match,0,1,False,False,,
AS215125,Cyberology-AS,CYBEROLOGY-MNT,923,35,40,medium,repeated_attacks_ge_10;repeated_attacks_ge_2;repeated_attacks_ge_5;tor_exit_match,35,0,False,False,,
AS200019,AlexHost,CLOUDATAMD-MNT,154,13,40,medium,repeated_attacks_ge_10;repeated_attacks_ge_2;repeated_attacks_ge_5;spamhaus_drop_match,0,1,False,False,,
AS205100,F3NETZE,F3NETZE,121,3,40,medium,repeated_attacks_ge_10;repeated_attacks_ge_5;tor_exit_match,3,0,False,False,,
AS55933,CLOUDIE-AS-AP,Cloudie Limited,114,4,40,medium,repeated_attacks_ge_10;repeated_attacks_ge_2;repeated_attacks_ge_5;spamhaus_drop_match,0,1,False,False,,
AS60729,,,58,6,40,medium,repeated_attacks_ge_10;repeated_attacks_ge_2;repeated_attacks_ge_5;tor_exit_match,6,0,False,False,,
AS396507,EMERALD-ONION,Emerald Onion,32,2,40,medium,repeated_attacks_ge_10;repeated_attacks_ge_2;tor_exit_match,2,0,False,False,,
AS214503,QUXLABS,MNT-QUXLABS,28,1,40,medium,repeated_attacks_ge_10;tor_exit_match,1,0,False,False,,
AS26527,LIGHTWAVE-NETWORKS,LightWave Networks,18,1,40,medium,repeated_attacks_ge_10;tor_exit_match,1,0,False,False,,
AS35745,PROVECTOR-AS,Mariusz Dziakowicz,216211,1,25,low,repeated_attacks_ge_10,0,0,False,False,,
AS17426,,,135844,1,25,low,repeated_attacks_ge_10,0,0,False,False,,
AS4134,CHINANET-BACKBONE,Chinanet Hostmaster,106298,1248,25,low,repeated_attacks_ge_10;repeated_attacks_ge_2;repeated_attacks_ge_5,0,0,False,False,,
AS16276,,,92290,115,25,low,repeated_attacks_ge_10;repeated_attacks_ge_2;repeated_attacks_ge_5,0,0,False,False,,
AS24940,HETZNER-AS,Hetzner Online GmbH - Contact Role,84780,29,25,low,repeated_attacks_ge_10;repeated_attacks_ge_2;repeated_attacks_ge_5,0,0,False,False,,
AS6878,AS6878,Dirk Aschhoff,62858,1,25,low,repeated_attacks_ge_10,0,0,False,False,,
AS26277,,,61043,4,25,low,repeated_attacks_ge_10;repeated_attacks_ge_2;repeated_attacks_ge_5,0,0,False,False,,
AS396982,GOOGLE-CLOUD-PLATFORM,Google LLC,49496,2394,25,low,repeated_attacks_ge_10;repeated_attacks_ge_2;repeated_attacks_ge_5,0,0,False,False,,
AS273663,,,47560,1,25,low,repeated_attacks_ge_10,0,0,False,False,,
AS8560,IONOS-AS,AS8560-MNT,46365,57,25,low,repeated_attacks_ge_10;repeated_attacks_ge_2;repeated_attacks_ge_5,0,0,False,False,,
AS213412,ONYPHE,Admin,45438,949,25,low,repeated_attacks_ge_10;repeated_attacks_ge_2;repeated_attacks_ge_5,0,0,False,False,,
AS42455,Wi-Manx-AS,ELITE GROUP.IM LIMITED,43230,2,25,low,repeated_attacks_ge_10,0,0,False,False,,
AS14061,DIGITALOCEAN-ASN,"DigitalOcean, LLC",41971,1035,25,low,repeated_attacks_ge_10;repeated_attacks_ge_2;repeated_attacks_ge_5,0,0,False,False,,
AS7922,COMCAST-7922,"Comcast Cable Communications, LLC",39402,23,25,low,repeated_attacks_ge_10;repeated_attacks_ge_2;repeated_attacks_ge_5,0,0,False,False,,
AS14956,,,39069,38,25,low,repeated_attacks_ge_10;repeated_attacks_ge_2;repeated_attacks_ge_5,0,0,False,False,,
AS198364,BANATSYNC-SRL,admin,37910,19,25,low,repeated_attacks_ge_10;repeated_attacks_ge_2;repeated_attacks_ge_5,0,0,False,False,,
AS267784,,,35364,1,25,low,repeated_attacks_ge_10,0,0,False,False,,
AS63949,AKAMAI-LINODE-AP,LINODE LLC - network administrator,34219,493,25,low,repeated_attacks_ge_10;repeated_attacks_ge_2;repeated_attacks_ge_5,0,0,False,False,,
AS11426,,,32776,7,25,low,repeated_attacks_ge_10;repeated_attacks_ge_5,0,0,False,False,,
AS61844,,,32776,1,25,low,repeated_attacks_ge_10,0,0,False,False,,
AS17639,CONVERGE-AS,Reyniel Reign Boniel,32520,5,25,low,repeated_attacks_ge_10;repeated_attacks_ge_5,0,0,False,False,,
AS51985,ADENIS-AS,Ahilan THANGAVADIVEL,31906,1,25,low,repeated_attacks_ge_10,0,0,False,False,,
AS17557,PKTELECOM-AS-PK,Munir Ahmed,29640,16,25,low,repeated_attacks_ge_10;repeated_attacks_ge_2;repeated_attacks_ge_5,0,0,False,False,,
AS40676,,,28165,7,25,low,repeated_attacks_ge_10,0,0,False,False,,
AS5607,BSKYB-BROADBAND-AS,Sky UK Broadband Hostmaster,27519,10,25,low,repeated_attacks_ge_10;repeated_attacks_ge_2;repeated_attacks_ge_5,0,0,False,False,,
AS3292,TDC,AS3292-MNT,27021,1,25,low,repeated_attacks_ge_10,0,0,False,False,,
AS26347,,,26703,1,25,low,repeated_attacks_ge_10,0,0,False,False,,
AS33363,,,24946,7,25,low,repeated_attacks_ge_10;repeated_attacks_ge_5,0,0,False,False,,
AS55990,HWCSNET,IRT-CNNIC-CN,23727,6,25,low,repeated_attacks_ge_10;repeated_attacks_ge_2;repeated_attacks_ge_5,0,0,False,False,,
AS16509,,,23109,216,25,low,repeated_attacks_ge_10;repeated_attacks_ge_2;repeated_attacks_ge_5,0,0,False,False,,
AS23923,,,21422,2,25,low,repeated_attacks_ge_10,0,0,False,False,,
AS209334,MODAT-01,lir-nl-modat-1-MNT,21349,126,25,low,repeated_attacks_ge_10;repeated_attacks_ge_5,0,0,False,False,,
AS8048,,,18531,13,25,low,repeated_attacks_ge_10;repeated_attacks_ge_2;repeated_attacks_ge_5,0,0,False,False,,
AS8075,,,18448,1412,25,low,repeated_attacks_ge_10;repeated_attacks_ge_2;repeated_attacks_ge_5,0,0,False,False,,
AS398324,,,17906,428,25,low,repeated_attacks_ge_10;repeated_attacks_ge_2;repeated_attacks_ge_5,0,0,False,False,,
AS4837,CHINA169-Backbone,IRT-CU-CN,17436,1264,25,low,repeated_attacks_ge_10;repeated_attacks_ge_2;repeated_attacks_ge_5,0,0,False,False,,
AS29802,,,17006,11,25,low,repeated_attacks_ge_10;repeated_attacks_ge_5,0,0,False,False,,
AS203273,NetCraftersOU,NetCrafters,16072,1,25,low,repeated_attacks_ge_10,0,0,False,False,,
AS6939,HURRICANE,Hurricane Electric LLC,15625,898,25,low,repeated_attacks_ge_10;repeated_attacks_ge_2;repeated_attacks_ge_5,0,0,False,False,,
AS12322,,,15099,10,25,low,repeated_attacks_ge_10;repeated_attacks_ge_2;repeated_attacks_ge_5,0,0,False,False,,
AS56041,CMNET-Zhejiang-AP,haijun li,14466,12,25,low,repeated_attacks_ge_10;repeated_attacks_ge_2;repeated_attacks_ge_5,0,0,False,False,,
AS36352,AS-COLOCROSSING,HostPapa,13636,37,25,low,repeated_attacks_ge_10;repeated_attacks_ge_2;repeated_attacks_ge_5,0,0,False,False,,
AS23470,RELIABLESITE,ReliableSite.Net LLC,13353,30,25,low,repeated_attacks_ge_10;repeated_attacks_ge_2;repeated_attacks_ge_5,0,0,False,False,,
AS141918,,,13222,1,25,low,repeated_attacks_ge_10,0,0,False,False,,
AS11562,,,12214,5,25,low,repeated_attacks_ge_10;repeated_attacks_ge_5,0,0,False,False,,
AS24337,SKYTelecom-AS-AP,Sky Telecom State Company,12016,1,25,low,repeated_attacks_ge_10,0,0,False,False,,
AS45899,VNPT-AS-VN,IRT-VNNIC-AP,11781,34,25,low,repeated_attacks_ge_10;repeated_attacks_ge_2;repeated_attacks_ge_5,0,0,False,False,,
AS133000,,,11677,2,25,low,repeated_attacks_ge_10;repeated_attacks_ge_2,0,0,False,False,,
AS9121,TTNet,AS9121-MNT,11544,31,25,low,repeated_attacks_ge_10;repeated_attacks_ge_2;repeated_attacks_ge_5,0,0,False,False,,
AS12417,,,11295,69,25,low,repeated_attacks_ge_10;repeated_attacks_ge_2,0,0,False,False,,
AS51852,,,11143,4,25,low,repeated_attacks_ge_10;repeated_attacks_ge_2,0,0,False,False,,
AS3462,,,10529,195,25,low,repeated_attacks_ge_10;repeated_attacks_ge_2;repeated_attacks_ge_5,0,0,False,False,,
AS270805,,,10445,2,25,low,repeated_attacks_ge_10,0,0,False,False,,
AS9329,,,10391,6,25,low,repeated_attacks_ge_10;repeated_attacks_ge_2,0,0,False,False,,
AS45102,ALIBABA-CN-NET,security trouble,10351,1153,25,low,repeated_attacks_ge_10;repeated_attacks_ge_2;repeated_attacks_ge_5,0,0,False,False,,
AS9541,CYBERNET-AP,Cyber Internet Services (Private) Limited,10196,210,25,low,repeated_attacks_ge_10;repeated_attacks_ge_2;repeated_attacks_ge_5,0,0,False,False,,
AS7552,,,10106,39,25,low,repeated_attacks_ge_10;repeated_attacks_ge_2;repeated_attacks_ge_5,0,0,False,False,,
AS209630,KREDIT-AS,Garbuz Vadim,9406,19,25,low,repeated_attacks_ge_10;repeated_attacks_ge_2;repeated_attacks_ge_5,0,0,False,False,,
AS211298,DRIFTNET,Driftnet Hostmaster,8959,740,25,low,repeated_attacks_ge_10;repeated_attacks_ge_2;repeated_attacks_ge_5,0,0,False,False,,
AS8359,,,8867,24,25,low,repeated_attacks_ge_10;repeated_attacks_ge_2;repeated_attacks_ge_5,0,0,False,False,,
AS8452,,,8692,31,25,low,repeated_attacks_ge_10;repeated_attacks_ge_2;repeated_attacks_ge_5,0,0,False,False,,
AS140829,,,8449,1,25,low,repeated_attacks_ge_10,0,0,False,False,,
AS203953,,,8263,1,25,low,repeated_attacks_ge_10,0,0,False,False,,
AS51167,CONTABO,Johannes Selg,8025,64,25,low,repeated_attacks_ge_10;repeated_attacks_ge_2;repeated_attacks_ge_5,0,0,False,False,,
AS43766,,,7939,1,25,low,repeated_attacks_ge_10,0,0,False,False,,
AS38365,Baidu,Supeng Deng,7809,32,25,low,repeated_attacks_ge_10;repeated_attacks_ge_2;repeated_attacks_ge_5,0,0,False,False,,
AS5533,,,7724,1,25,low,repeated_attacks_ge_10,0,0,False,False,,
AS152979,VIETSERVICE-VN,IRT-VNNIC-AP,7584,18,25,low,repeated_attacks_ge_10;repeated_attacks_ge_5,0,0,False,False,,
AS39351,ESAB-AS,ESAB-MNT,7324,3,25,low,repeated_attacks_ge_10;repeated_attacks_ge_5,0,0,False,False,,
AS28267,ASN28267,SIM INTERNET PROVEDORES DE INTERNET EIRELI.,7219,4,25,low,repeated_attacks_ge_10;repeated_attacks_ge_5,0,0,False,False,,
AS132203,,,6927,32,25,low,repeated_attacks_ge_10;repeated_attacks_ge_2;repeated_attacks_ge_5,0,0,False,False,,
AS31724,SVYAZIST-AS,Belan Andrey,6651,1,25,low,repeated_attacks_ge_10,0,0,False,False,,
AS4760,HKTIMS-AP,IRT-HKTIMS-HK,5863,8,25,low,repeated_attacks_ge_10;repeated_attacks_ge_2;repeated_attacks_ge_5,0,0,False,False,,
AS14618,AMAZON-AES,"Amazon.com, Inc.",5603,234,25,low,repeated_attacks_ge_10;repeated_attacks_ge_2;repeated_attacks_ge_5,0,0,False,False,,
AS35042,Layer7-Networks-DE,lir-de-l7networks-gmbh-1-MNT,5213,4,25,low,repeated_attacks_ge_10,0,0,False,False,,
AS26617,26617,Navega.com S.A.,5184,1,25,low,repeated_attacks_ge_10,0,0,False,False,,
AS14080,14080,Telmex Colombia S.A.,5084,3,25,low,repeated_attacks_ge_10;repeated_attacks_ge_2,0,0,False,False,,
AS52772,,,4776,1,25,low,repeated_attacks_ge_10,0,0,False,False,,
AS206119,,,4774,1,25,low,repeated_attacks_ge_10,0,0,False,False,,
AS21859,ZEN-ECN,Zenlayer Inc,4526,118,25,low,repeated_attacks_ge_10;repeated_attacks_ge_2;repeated_attacks_ge_5,0,0,False,False,,
AS202425,,,4370,48,25,low,repeated_attacks_ge_10;repeated_attacks_ge_2;repeated_attacks_ge_5,0,0,False,False,,
AS131269,,,4332,2,25,low,repeated_attacks_ge_10,0,0,False,False,,
AS32475,SINGLEHOP-LLC,Internap Holding LLC,4281,12,25,low,repeated_attacks_ge_10;repeated_attacks_ge_2,0,0,False,False,,
AS206264,AMARUTU-TECHNOLOGY,Amarutu Technology Ltd,4220,11,25,low,repeated_attacks_ge_10,0,0,False,False,,
AS9808,,,4219,138,25,low,repeated_attacks_ge_10;repeated_attacks_ge_2;repeated_attacks_ge_5,0,0,False,False,,
AS56046,CMNET-Jiangsu-AP,haijun li,4144,17,25,low,repeated_attacks_ge_10;repeated_attacks_ge_2;repeated_attacks_ge_5,0,0,False,False,,
AS50360,TAMATIYA-AS,Tamatiya EOOD,4118,28,25,low,repeated_attacks_ge_10;repeated_attacks_ge_2;repeated_attacks_ge_5,0,0,False,False,,
AS28006,28006,CORPORACION NACIONAL DE TELECOMUNICACIONES - CNT EP,4101,4,25,low,repeated_attacks_ge_10;repeated_attacks_ge_5,0,0,False,False,,
AS398101,,,4072,18,25,low,repeated_attacks_ge_10;repeated_attacks_ge_5,0,0,False,False,,
AS12271,TWC-12271-NYC,Charter Communications Inc,3992,4,25,low,repeated_attacks_ge_10;repeated_attacks_ge_5,0,0,False,False,,
AS26496,,,3985,15,25,low,repeated_attacks_ge_10;repeated_attacks_ge_5,0,0,False,False,,
AS852,,,3895,3,25,low,repeated_attacks_ge_10;repeated_attacks_ge_2,0,0,False,False,,
AS209604,TWO-E-Telekom,lir-tr-2e-telekomunikasyon-1-MNT,3790,6,25,low,repeated_attacks_ge_10;repeated_attacks_ge_2;repeated_attacks_ge_5,0,0,False,False,,
AS272786,ASN272786,X99 INTERNET,3753,1,25,low,repeated_attacks_ge_10,0,0,False,False,,
AS133296,,,3737,3,25,low,repeated_attacks_ge_10,0,0,False,False,,
AS211680,AS-BITSIGHT,Data Operations,3679,158,25,low,repeated_attacks_ge_10;repeated_attacks_ge_2;repeated_attacks_ge_5,0,0,False,False,,
AS58715,,,3658,1,25,low,repeated_attacks_ge_10,0,0,False,False,,
AS398722,,,3641,112,25,low,repeated_attacks_ge_10;repeated_attacks_ge_2;repeated_attacks_ge_5,0,0,False,False,,
AS24086,VIETTEL-AS-VN,IRT-VNNIC-AP,3619,22,25,low,repeated_attacks_ge_10;repeated_attacks_ge_2;repeated_attacks_ge_5,0,0,False,False,,
AS216473,net-host,BASHIN-MNT,3619,3,25,low,repeated_attacks_ge_10,0,0,False,False,,
AS212027,PebbleHost,lir-uk-pebblehost-1-MNT,3602,5,25,low,repeated_attacks_ge_10;repeated_attacks_ge_2,0,0,False,False,,
AS59257,CMPAKLIMITED-AS-AP,CMPak Limited,3443,43,25,low,repeated_attacks_ge_10;repeated_attacks_ge_2;repeated_attacks_ge_5,0,0,False,False,,
AS202053,UPCLOUD,MNT-UPCLOUD,3406,1,25,low,repeated_attacks_ge_10,0,0,False,False,,
AS199792,CLEARSTACK,lir-nl-clearstack-1-MNT,3246,3,25,low,repeated_attacks_ge_10,0,0,False,False,,
AS397702,SSSS,"1776 Solutions, LLC",3244,256,25,low,repeated_attacks_ge_10;repeated_attacks_ge_2;repeated_attacks_ge_5,0,0,False,False,,
AS34534,,,3033,2,25,low,repeated_attacks_ge_10;repeated_attacks_ge_2,0,0,False,False,,
AS13335,CLOUDFLARENET,"Cloudflare, Inc.",2867,9,25,low,repeated_attacks_ge_10;repeated_attacks_ge_2;repeated_attacks_ge_5,0,0,False,False,,
AS12876,AS12876,MNT-TISCALIFR,2823,59,25,low,repeated_attacks_ge_10;repeated_attacks_ge_2;repeated_attacks_ge_5,0,0,False,False,,
AS51592,ASSVIFTTELECOM,Oleg Hlebnikov,2810,1,25,low,repeated_attacks_ge_10,0,0,False,False,,
AS212512,,,2807,49,25,low,repeated_attacks_ge_10;repeated_attacks_ge_2;repeated_attacks_ge_5,0,0,False,False,,
AS27882,27882,Telefónica Celular de Bolivia S.A.,2797,2,25,low,repeated_attacks_ge_10,0,0,False,False,,
AS4766,KIXS-AS-KR-KR,AS Manager,2778,126,25,low,repeated_attacks_ge_10;repeated_attacks_ge_2;repeated_attacks_ge_5,0,0,False,False,,
AS20115,CHARTER-20115,Charter Communications LLC,2760,11,25,low,repeated_attacks_ge_10;repeated_attacks_ge_2;repeated_attacks_ge_5,0,0,False,False,,
AS398705,CENSYS-ARIN-02,"Censys, Inc.",2678,53,25,low,repeated_attacks_ge_10;repeated_attacks_ge_2;repeated_attacks_ge_5,0,0,False,False,,
AS24560,,,2670,17,25,low,repeated_attacks_ge_10;repeated_attacks_ge_2;repeated_attacks_ge_5,0,0,False,False,,
AS45634,,,2663,1,25,low,repeated_attacks_ge_10,0,0,False,False,,
AS45090,TENCENT-NET-AP,Jsquare Wu,2651,36,25,low,repeated_attacks_ge_10;repeated_attacks_ge_2;repeated_attacks_ge_5,0,0,False,False,,
AS138245,XPRESS-AS-IN,noc manager,2620,1,25,low,repeated_attacks_ge_10,0,0,False,False,,
AS58461,CT-HangZhou-IDC,Chinanet Hostmaster,2573,8,25,low,repeated_attacks_ge_10;repeated_attacks_ge_5,0,0,False,False,,
AS17665,,,2449,1,25,low,repeated_attacks_ge_10,0,0,False,False,,
AS401263,,,2414,1,25,low,repeated_attacks_ge_10,0,0,False,False,,
AS49581,TUBE-HOSTING,FZ-IP-MNT,2211,3,25,low,repeated_attacks_ge_10;repeated_attacks_ge_2,0,0,False,False,,
AS137718,,,2201,25,25,low,repeated_attacks_ge_10;repeated_attacks_ge_2;repeated_attacks_ge_5,0,0,False,False,,
AS7303,7303,Telecom Argentina S.A.,2127,61,25,low,repeated_attacks_ge_10;repeated_attacks_ge_2;repeated_attacks_ge_5,0,0,False,False,,
AS17488,HATHWAY-NET-AP,HATHWAY CABLE AND DATACOM LIMITED,2113,7,25,low,repeated_attacks_ge_10;repeated_attacks_ge_2;repeated_attacks_ge_5,0,0,False,False,,
AS212477,ROYALE-AS,RoyaleHosting BV,2103,2,25,low,repeated_attacks_ge_10,0,0,False,False,,
AS31898,ORACLE-BMC-31898,Oracle Corporation,2072,20,25,low,repeated_attacks_ge_10;repeated_attacks_ge_2;repeated_attacks_ge_5,0,0,False,False,,
AS47583,,,2021,2,25,low,repeated_attacks_ge_10,0,0,False,False,,
AS40021,CONTABO-40021,Contabo Inc.,1961,8,25,low,repeated_attacks_ge_10;repeated_attacks_ge_5,0,0,False,False,,
AS5650,FRONTIER-FRTR,Verizon Business,1961,3,25,low,repeated_attacks_ge_10;repeated_attacks_ge_2,0,0,False,False,,
AS213169,Catixs-Edge,Abuse contact role object,1875,1,25,low,repeated_attacks_ge_10,0,0,False,False,,
AS20473,AS-VULTR,"The Constant Company, LLC",1856,10,25,low,repeated_attacks_ge_10;repeated_attacks_ge_2,0,0,False,False,,
AS267355,ASN267355,HOSTIDC INTERNET DATACENTER LTDA,1823,1,25,low,repeated_attacks_ge_10,0,0,False,False,,
AS151858,INTERDIGI-VN,IRT-VNNIC-AP,1785,9,25,low,repeated_attacks_ge_10;repeated_attacks_ge_5,0,0,False,False,,
AS396073,MAJESTIC-HOSTING-01,"Majestic Hosting Solutions, LLC",1748,4,25,low,repeated_attacks_ge_10;repeated_attacks_ge_2,0,0,False,False,,
AS46375,AS-SONICTELECOM,Sonic Telecom LLC,1719,1,25,low,repeated_attacks_ge_10,0,0,False,False,,
AS262210,262210,VIETTEL PERÚ S.A.C.,1699,1,25,low,repeated_attacks_ge_10,0,0,False,False,,
AS53667,PONYNET,FranTech Solutions,1655,29,25,low,repeated_attacks_ge_10;repeated_attacks_ge_2;repeated_attacks_ge_5,0,0,False,False,,
AS397373,H4Y-TECHNOLOGIES,H4Y Technologies LLC,1628,2,25,low,repeated_attacks_ge_10,0,0,False,False,,
AS36968,ORG-ECN1-AFRINIC,ECN HOSTMASTER,1622,1,25,low,repeated_attacks_ge_10,0,0,False,False,,
AS36903,ORG-ONdP1-AFRINIC,Kaddouhi Abdelaziz,1555,22,25,low,repeated_attacks_ge_10;repeated_attacks_ge_2;repeated_attacks_ge_5,0,0,False,False,,
AS135905,,,1551,17,25,low,repeated_attacks_ge_10;repeated_attacks_ge_2;repeated_attacks_ge_5,0,0,False,False,,
AS138296,,,1551,2,25,low,repeated_attacks_ge_10,0,0,False,False,,
AS135089,CHINANET-Guangzhou-Southbase-IDC,APNIC Hostmaster,1548,3,25,low,repeated_attacks_ge_10,0,0,False,False,,
AS49683,,,1535,21,25,low,repeated_attacks_ge_10;repeated_attacks_ge_5,0,0,False,False,,
AS22884,22884,"TOTAL PLAY TELECOMUNICACIONES, S.A.P.I. DE C.V.",1533,5,25,low,repeated_attacks_ge_10;repeated_attacks_ge_2,0,0,False,False,,
AS38264,WATEEN-IMS-PK-AS-AP,Wateen Telecom Limited,1531,23,25,low,repeated_attacks_ge_10;repeated_attacks_ge_2;repeated_attacks_ge_5,0,0,False,False,,
AS7489,HOSTUS-GLOBAL-AS,IRT-HUS-AP,1529,13,25,low,repeated_attacks_ge_10;repeated_attacks_ge_2;repeated_attacks_ge_5,0,0,False,False,,
AS10439,CARINET,"CariNet, Inc.",1522,35,25,low,repeated_attacks_ge_10;repeated_attacks_ge_2;repeated_attacks_ge_5,0,0,False,False,,
AS201094,gmhost,Alexander Mulgin,1481,1,25,low,repeated_attacks_ge_10,0,0,False,False,,
AS9465,,,1472,30,25,low,repeated_attacks_ge_10;repeated_attacks_ge_5,0,0,False,False,,
AS4812,,,1458,17,25,low,repeated_attacks_ge_10;repeated_attacks_ge_2;repeated_attacks_ge_5,0,0,False,False,,
AS141679,CHINATELECOM-IDC-BTHBD-AP,Chinanet Hostmaster,1449,7,25,low,repeated_attacks_ge_10;repeated_attacks_ge_2,0,0,False,False,,
AS44901,belcloud,Belcloud Administration,1446,1,25,low,repeated_attacks_ge_10,0,0,False,False,,
AS18403,FPT-VN,Nguyen Thanh Dat,1445,15,25,low,repeated_attacks_ge_10;repeated_attacks_ge_2;repeated_attacks_ge_5,0,0,False,False,,
AS29447,,,1426,1,25,low,repeated_attacks_ge_10,0,0,False,False,,
AS211443,SINOWORLDWIDE,SINO WORLDWIDE TRADING LIMITED,1345,2,25,low,repeated_attacks_ge_10,0,0,False,False,,
AS7018,,,1344,17,25,low,repeated_attacks_ge_10;repeated_attacks_ge_2;repeated_attacks_ge_5,0,0,False,False,,
AS5089,NTL,AS5089-MNT,1331,15,25,low,repeated_attacks_ge_10;repeated_attacks_ge_2;repeated_attacks_ge_5,0,0,False,False,,
AS18209,CABLELITE-AS-AP,IRT-CABLELITE-IN,1323,4,25,low,repeated_attacks_ge_10;repeated_attacks_ge_2;repeated_attacks_ge_5,0,0,False,False,,
AS44244,,,1311,2,25,low,repeated_attacks_ge_10,0,0,False,False,,
AS58678,INTECHONLINE-IN,INTECH ONLINE PRIVATE LIMITED - network administra,1272,2,25,low,repeated_attacks_ge_10,0,0,False,False,,
AS22927,22927,Telefonica de Argentina,1236,67,25,low,repeated_attacks_ge_10;repeated_attacks_ge_2;repeated_attacks_ge_5,0,0,False,False,,
AS37963,ALIBABA-CN-NET,security trouble,1215,123,25,low,repeated_attacks_ge_10;repeated_attacks_ge_2;repeated_attacks_ge_5,0,0,False,False,,
AS9198,,,1184,13,25,low,repeated_attacks_ge_10;repeated_attacks_ge_2;repeated_attacks_ge_5,0,0,False,False,,
AS3269,ASN-IBSNAZ,Interbusiness Network Administration Staff,1177,16,25,low,repeated_attacks_ge_10;repeated_attacks_ge_2;repeated_attacks_ge_5,0,0,False,False,,
AS142403,YISUCLOUDLTD-HK,IRT-YISUCLOUDLTD-HK,1161,5,25,low,repeated_attacks_ge_10;repeated_attacks_ge_2,0,0,False,False,,
AS22773,ASN-CXA-ALL-CCI-22773-RDC,Cox Communications Inc.,1150,10,25,low,repeated_attacks_ge_10;repeated_attacks_ge_2;repeated_attacks_ge_5,0,0,False,False,,
AS401701,COGNETCLOUD-2,cognetcloud INC,1144,7,25,low,repeated_attacks_ge_10;repeated_attacks_ge_5,0,0,False,False,,
AS23650,CHINANET-Jiangsu-Province-IDC,China Telecom,1130,1,25,low,repeated_attacks_ge_10,0,0,False,False,,
AS12389,ROSTELECOM-AS,PJSC Rostelecom,1107,71,25,low,repeated_attacks_ge_10;repeated_attacks_ge_2;repeated_attacks_ge_5,0,0,False,False,,
AS36114,VERSAWEB-ASN,"VegasNAP, LLC",1105,1,25,low,repeated_attacks_ge_10,0,0,False,False,,
AS329184,ORG-CTML1-AFRINIC,Ivan Loginovskikh,1103,1,25,low,repeated_attacks_ge_10,0,0,False,False,,
AS9009,,,1101,38,25,low,repeated_attacks_ge_10;repeated_attacks_ge_2;repeated_attacks_ge_5,0,0,False,False,,
AS212278,,,1095,1,25,low,repeated_attacks_ge_10,0,0,False,False,,
AS137266,,,1057,51,25,low,repeated_attacks_ge_10;repeated_attacks_ge_2;repeated_attacks_ge_5,0,0,False,False,,
AS23674,NAYATEL-PK,Nayatel Pvt Ltd administrator,1057,3,25,low,repeated_attacks_ge_10;repeated_attacks_ge_5,0,0,False,False,,
AS209588,FLYSERVERS-ASN,FLYSERVERS GLOBAL NETWORK OPERATION CENTRE,1046,2,25,low,repeated_attacks_ge_10,0,0,False,False,,
AS202051,,,1044,3,25,low,repeated_attacks_ge_10;repeated_attacks_ge_2,0,0,False,False,,
AS30823,AUROLOGIC,aurologic GmbH,1003,2,25,low,repeated_attacks_ge_10,0,0,False,False,,
AS54801,,,992,1,25,low,repeated_attacks_ge_10,0,0,False,False,,
AS18206,TTSSB-MY,TM TECHNOLOGY SERVICES SDN BHD,979,1,25,low,repeated_attacks_ge_10,0,0,False,False,,
AS54913,,,978,1,25,low,repeated_attacks_ge_10,0,0,False,False,,
AS263481,ASN263481,Nova Serv de Com Multimidia Ltda,952,1,25,low,repeated_attacks_ge_10,0,0,False,False,,
AS23724,,,948,33,25,low,repeated_attacks_ge_10;repeated_attacks_ge_2;repeated_attacks_ge_5,0,0,False,False,,
AS60068,,,948,19,25,low,repeated_attacks_ge_10;repeated_attacks_ge_2;repeated_attacks_ge_5,0,0,False,False,,
AS38244,VINAGAME-AS-VN,Vo Dai Chuyen,938,1,25,low,repeated_attacks_ge_10,0,0,False,False,,
AS7713,,,926,28,25,low,repeated_attacks_ge_10;repeated_attacks_ge_2;repeated_attacks_ge_5,0,0,False,False,,
AS58519,,,908,5,25,low,repeated_attacks_ge_10;repeated_attacks_ge_2,0,0,False,False,,
AS56099,,,881,2,25,low,repeated_attacks_ge_10;repeated_attacks_ge_2,0,0,False,False,,
AS12586,,,870,4,25,low,repeated_attacks_ge_10;repeated_attacks_ge_2,0,0,False,False,,
AS8393,,,859,2,25,low,repeated_attacks_ge_10;repeated_attacks_ge_5,0,0,False,False,,
AS138423,CMPAKLIMITED-AS-ENTCORP,CMPak Limited,848,14,25,low,repeated_attacks_ge_10;repeated_attacks_ge_2;repeated_attacks_ge_5,0,0,False,False,,
AS201579,,,831,2,25,low,repeated_attacks_ge_10,0,0,False,False,,
AS8151,8151,Uninet S.A. de C.V.,811,68,25,low,repeated_attacks_ge_10;repeated_attacks_ge_2;repeated_attacks_ge_5,0,0,False,False,,
AS135407,TES-PL-AS-AP,Trans World Enterprise Services Private Limited,796,5,25,low,repeated_attacks_ge_10,0,0,False,False,,
AS264628,264628,"CORPORACION FIBEX TELECOM, C.A.",787,3,25,low,repeated_attacks_ge_10;repeated_attacks_ge_5,0,0,False,False,,
AS135918,DVS-AS-VN,IRT-VNNIC-AP,783,1,25,low,repeated_attacks_ge_10,0,0,False,False,,
AS44094,,,783,1,25,low,repeated_attacks_ge_10,0,0,False,False,,
AS6327,SHAW,Shaw Communications,773,3,25,low,repeated_attacks_ge_10;repeated_attacks_ge_5,0,0,False,False,,
AS1267,ASN-WINDTRE,AS1267-MNT,770,20,25,low,repeated_attacks_ge_10;repeated_attacks_ge_2;repeated_attacks_ge_5,0,0,False,False,,
AS23888,NTC-AS-AP,National Telecommunication Corporation,768,9,25,low,repeated_attacks_ge_10;repeated_attacks_ge_2,0,0,False,False,,
AS327724,ORG-NITA1-AFRINIC,Michael Ginyera,751,1,25,low,repeated_attacks_ge_10,0,0,False,False,,
AS9387,SHARPTEL-AS-AP,SHARP TELECOM (PRIVATE) LIMITED,751,1,25,low,repeated_attacks_ge_10,0,0,False,False,,
AS29614,ORG-GTCL1-AFRINIC,Michael Komla Nfodzo,745,1,25,low,repeated_attacks_ge_10,0,0,False,False,,
AS213474,HOMELINE-AS,HOMELINEBB-MNT,730,4,25,low,repeated_attacks_ge_10,0,0,False,False,,
AS5769,,,729,2,25,low,repeated_attacks_ge_10,0,0,False,False,,
AS133551,ORIGINNET-AS-AP,IRT-ORIGINNET-PK,723,1,25,low,repeated_attacks_ge_10,0,0,False,False,,
AS4694,,,710,1,25,low,repeated_attacks_ge_10,0,0,False,False,,
AS59577,,,708,2,25,low,repeated_attacks_ge_10;repeated_attacks_ge_5,0,0,False,False,,
AS3816,,,705,12,25,low,repeated_attacks_ge_10;repeated_attacks_ge_2;repeated_attacks_ge_5,0,0,False,False,,
AS9299,,,703,15,25,low,repeated_attacks_ge_10;repeated_attacks_ge_2;repeated_attacks_ge_5,0,0,False,False,,
AS133661,,,702,2,25,low,repeated_attacks_ge_10;repeated_attacks_ge_2,0,0,False,False,,
AS147176,NNECL-AS-AP,NZ Network Enterprise Co Ltd administrator,684,1,25,low,repeated_attacks_ge_10,0,0,False,False,,
AS701,UUNET,Verizon Business,676,20,25,low,repeated_attacks_ge_10;repeated_attacks_ge_2;repeated_attacks_ge_5,0,0,False,False,,
AS50923,METRO-SET-AS,METRO-SET-MNT,676,1,25,low,repeated_attacks_ge_10,0,0,False,False,,
AS27747,27747,Telecentro S.A.,658,47,25,low,repeated_attacks_ge_10;repeated_attacks_ge_2;repeated_attacks_ge_5,0,0,False,False,,
AS139952,TRIDATA-AS-ID,IRT-TRIDATA-ID,655,2,25,low,repeated_attacks_ge_10;repeated_attacks_ge_2,0,0,False,False,,
AS268207,ASN268207,RVT SERVICOS DE TELECOMUNICACOES LTDA,639,1,25,low,repeated_attacks_ge_10,0,0,False,False,,
AS30781,,,625,1,25,low,repeated_attacks_ge_10,0,0,False,False,,
AS399629,BLNWX,BL Networks,623,2,25,low,repeated_attacks_ge_10;repeated_attacks_ge_2,0,0,False,False,,
AS9087,,,620,167,25,low,repeated_attacks_ge_10;repeated_attacks_ge_2;repeated_attacks_ge_5,0,0,False,False,,
AS12989,BlackHOST,BlackHOST-LTD,617,7,25,low,repeated_attacks_ge_10,0,0,False,False,,
AS200912,,,615,5,25,low,repeated_attacks_ge_10;repeated_attacks_ge_2;repeated_attacks_ge_5,0,0,False,False,,
AS34525,KOBA-AS,AS34525-MNT,613,1,25,low,repeated_attacks_ge_10,0,0,False,False,,
AS37190,ORG-ATd1-AFRINIC,Atlantique Telecom (Cote d'Ivoire),604,2,25,low,repeated_attacks_ge_10;repeated_attacks_ge_5,0,0,False,False,,
AS142647,,,600,13,25,low,repeated_attacks_ge_10;repeated_attacks_ge_5,0,0,False,False,,
AS268624,,,593,3,25,low,repeated_attacks_ge_10,0,0,False,False,,
AS17465,ASIANET,IRT-ASIANET-IN,591,4,25,low,repeated_attacks_ge_10;repeated_attacks_ge_2;repeated_attacks_ge_5,0,0,False,False,,
AS25620,25620,COTAS LTDA.,588,1,25,low,repeated_attacks_ge_10,0,0,False,False,,
AS16135,TURKCELL-AS,TURKCELL ILETISIM HIZMETLERI A.S.,582,4,25,low,repeated_attacks_ge_10;repeated_attacks_ge_5,0,0,False,False,,
AS14593,,,578,28,25,low,repeated_attacks_ge_10;repeated_attacks_ge_2;repeated_attacks_ge_5,0,0,False,False,,
AS8447,A1TELEKOM-AT,AS8447-MNT,561,2,25,low,repeated_attacks_ge_10;repeated_attacks_ge_2,0,0,False,False,,
AS401696,COGNETCLOUD,cognetcloud INC,554,8,25,low,repeated_attacks_ge_10;repeated_attacks_ge_2;repeated_attacks_ge_5,0,0,False,False,,
AS208843,,,546,119,25,low,repeated_attacks_ge_10;repeated_attacks_ge_2;repeated_attacks_ge_5,0,0,False,False,,
AS56044,CMNET-AS-Liaoning,haijun li,543,12,25,low,repeated_attacks_ge_10;repeated_attacks_ge_5,0,0,False,False,,
AS207957,ServHost-AS,ABUSE NOC,540,3,25,low,repeated_attacks_ge_10,0,0,False,False,,
AS215590,XORA-AS,DPKG-MNT,526,3,25,low,repeated_attacks_ge_10;repeated_attacks_ge_5,0,0,False,False,,
AS150862,MAYTINHVPSTTT-VN,To Thanh Trang,525,4,25,low,repeated_attacks_ge_10;repeated_attacks_ge_2,0,0,False,False,,
AS141342,FIBERISHPVTLTD-AS-AP,FIBERISH (PVT) LTD,522,11,25,low,repeated_attacks_ge_10;repeated_attacks_ge_2;repeated_attacks_ge_5,0,0,False,False,,
AS26832,RICAWEBSERVICES,Rica Web Services,512,2,25,low,repeated_attacks_ge_10,0,0,False,False,,
AS11664,,,510,22,25,low,repeated_attacks_ge_10;repeated_attacks_ge_2;repeated_attacks_ge_5,0,0,False,False,,
AS206286,,,510,2,25,low,repeated_attacks_ge_10,0,0,False,False,,
AS136180,IPIP-CN,IRT-IPIP-CN,501,18,25,low,repeated_attacks_ge_10;repeated_attacks_ge_2;repeated_attacks_ge_5,0,0,False,False,,
AS63199,,,498,8,25,low,repeated_attacks_ge_10,0,0,False,False,,
AS152699,,,497,1,25,low,repeated_attacks_ge_10,0,0,False,False,,
AS3208,,,497,1,25,low,repeated_attacks_ge_10,0,0,False,False,,
AS21928,T-MOBILE-AS21928,"T-Mobile USA, Inc.",492,8,25,low,repeated_attacks_ge_10;repeated_attacks_ge_2;repeated_attacks_ge_5,0,0,False,False,,
AS34665,,,491,2,25,low,repeated_attacks_ge_10,0,0,False,False,,
AS12479,,,489,6,25,low,repeated_attacks_ge_10;repeated_attacks_ge_2;repeated_attacks_ge_5,0,0,False,False,,
AS24835,ORG-RT2-AFRINIC,Vodafone Egypt,479,7,25,low,repeated_attacks_ge_10;repeated_attacks_ge_2;repeated_attacks_ge_5,0,0,False,False,,
AS7602,SPT-AS-VN,IRT-VNNIC-AP,474,6,25,low,repeated_attacks_ge_10;repeated_attacks_ge_2;repeated_attacks_ge_5,0,0,False,False,,
AS8732,,,474,1,25,low,repeated_attacks_ge_10,0,0,False,False,,
AS132165,CONNECT-AS-AP,IRT-CONNECT-PK,470,7,25,low,repeated_attacks_ge_10;repeated_attacks_ge_2;repeated_attacks_ge_5,0,0,False,False,,
AS141995,CAPL-AS-AP,Contabo Asia Private Limited,467,5,25,low,repeated_attacks_ge_10;repeated_attacks_ge_2,0,0,False,False,,
AS197556,,,466,1,25,low,repeated_attacks_ge_10,0,0,False,False,,
AS58466,CT-Guangzhou-IDC,Chinanet Hostmaster,460,42,25,low,repeated_attacks_ge_10;repeated_attacks_ge_2;repeated_attacks_ge_5,0,0,False,False,,
AS13188,TRIOLAN,CONTENT DELIVERY NETWORK LTD,452,7,25,low,repeated_attacks_ge_10;repeated_attacks_ge_2;repeated_attacks_ge_5,0,0,False,False,,
AS133774,,,452,4,25,low,repeated_attacks_ge_10;repeated_attacks_ge_2,0,0,False,False,,
AS138126,IDNIC-NEWTON-AS-ID,IRT-NEWTON-ID,445,1,25,low,repeated_attacks_ge_10,0,0,False,False,,
AS4808,CHINA169-BJ,ChinaUnicom Hostmaster,442,20,25,low,repeated_attacks_ge_10;repeated_attacks_ge_2;repeated_attacks_ge_5,0,0,False,False,,
AS400529,INFRALY-LLC,"Infraly, LLC",430,1,25,low,repeated_attacks_ge_10,0,0,False,False,,
AS400992,,,425,4,25,low,repeated_attacks_ge_10;repeated_attacks_ge_2,0,0,False,False,,
AS20052,ARBOR,"Arbor Networks, Inc.",413,84,25,low,repeated_attacks_ge_10;repeated_attacks_ge_2;repeated_attacks_ge_5,0,0,False,False,,
AS55286,SERVER-MANIA,B2 Net Solutions Inc.,398,2,25,low,repeated_attacks_ge_10,0,0,False,False,,
AS215778,,,390,80,25,low,repeated_attacks_ge_10;repeated_attacks_ge_2;repeated_attacks_ge_5,0,0,False,False,,
AS44546,ALFATELECOM-AS,Alfa Telecom s.r.o. NOC,387,1,25,low,repeated_attacks_ge_10,0,0,False,False,,
AS154383,ZWS-AS-AP,IRT-ZWS-BD,384,5,25,low,repeated_attacks_ge_10;repeated_attacks_ge_5,0,0,False,False,,
AS265523,,,378,1,25,low,repeated_attacks_ge_10,0,0,False,False,,
AS214664,Buduschee,admin-c,377,3,25,low,repeated_attacks_ge_10,0,0,False,False,,
AS135480,IDNIC-AGTI-AS-ID,AGTINET Administrator,377,1,25,low,repeated_attacks_ge_10,0,0,False,False,,
AS139879,,,374,5,25,low,repeated_attacks_ge_10,0,0,False,False,,
AS134762,CHINANET-LIAONING-DALIAN-MAN,Chinanet Hostmaster,368,8,25,low,repeated_attacks_ge_10;repeated_attacks_ge_2;repeated_attacks_ge_5,0,0,False,False,,
AS63835,,,367,5,25,low,repeated_attacks_ge_10;repeated_attacks_ge_5,0,0,False,False,,
AS58224,,,364,31,25,low,repeated_attacks_ge_10;repeated_attacks_ge_2;repeated_attacks_ge_5,0,0,False,False,,
AS140810,MEGACORE-AS-VN,IRT-VNNIC-AP,357,2,25,low,repeated_attacks_ge_10;repeated_attacks_ge_2,0,0,False,False,,
AS30982,ORG-CIet1-AFRINIC,AYIKIDO NOAGBODJI,353,1,25,low,repeated_attacks_ge_10,0,0,False,False,,
AS39891,ALJAWWALSTC-AS,Saudi Telecom Company JSC,346,4,25,low,repeated_attacks_ge_10;repeated_attacks_ge_5,0,0,False,False,,
AS20001,,,344,9,25,low,repeated_attacks_ge_10;repeated_attacks_ge_2;repeated_attacks_ge_5,0,0,False,False,,
AS4811,CHINANET-SHANGHAI-MAN,Wu Xiao Li,344,9,25,low,repeated_attacks_ge_10;repeated_attacks_ge_2;repeated_attacks_ge_5,0,0,False,False,,
AS59362,KSNETWORK-AS-AP,IRT-KSNETWORK-BD,344,2,25,low,repeated_attacks_ge_10,0,0,False,False,,
AS38283,,,336,4,25,low,repeated_attacks_ge_10;repeated_attacks_ge_2,0,0,False,False,,
AS8193,,,335,46,25,low,repeated_attacks_ge_10;repeated_attacks_ge_2;repeated_attacks_ge_5,0,0,False,False,,
AS7488,CNSERVER-AP-AS,IRT-AP-CNSERVER,332,4,25,low,repeated_attacks_ge_10;repeated_attacks_ge_2,0,0,False,False,,
AS17858,,,331,14,25,low,repeated_attacks_ge_10;repeated_attacks_ge_2;repeated_attacks_ge_5,0,0,False,False,,
AS29518,BREDBAND2,BB2-MNT,323,4,25,low,repeated_attacks_ge_10;repeated_attacks_ge_5,0,0,False,False,,
AS397651,SNEAKER-SERVER,"Sneaker Server, LLC",321,1,25,low,repeated_attacks_ge_10,0,0,False,False,,
AS35819,,,317,6,25,low,repeated_attacks_ge_10;repeated_attacks_ge_5,0,0,False,False,,
AS45903,CMCTELECOM-VN,Hoang Viet Anh,317,1,25,low,repeated_attacks_ge_10,0,0,False,False,,
AS211607,RECORDEDFUTURE,lir-us-securitytrails-1-MNT,313,18,25,low,repeated_attacks_ge_10;repeated_attacks_ge_2;repeated_attacks_ge_5,0,0,False,False,,
AS24444,CMNET-V4shandong-AS-AP,jie huang,309,57,25,low,repeated_attacks_ge_10;repeated_attacks_ge_2;repeated_attacks_ge_5,0,0,False,False,,
AS262315,ASN262315,ROALNET SOLUÇÕES WEB LTDA,304,1,25,low,repeated_attacks_ge_10,0,0,False,False,,
AS6848,TELENET-AS,AS6848-MNT,300,4,25,low,repeated_attacks_ge_10;repeated_attacks_ge_5,0,0,False,False,,
AS21668,,,297,1,25,low,repeated_attacks_ge_10,0,0,False,False,,
AS48678,TR-PENTECH-AS,General Manager,297,1,25,low,repeated_attacks_ge_10,0,0,False,False,,
AS141718,,,296,3,25,low,repeated_attacks_ge_10,0,0,False,False,,
AS27843,27843,ON EMPRESAS S.A.C.,292,2,25,low,repeated_attacks_ge_10;repeated_attacks_ge_5,0,0,False,False,,
AS11844,ASN11844,Empresa Catarinense de Tecnologia em Telecom. Ltda,292,1,25,low,repeated_attacks_ge_10,0,0,False,False,,
AS10796,,,290,8,25,low,repeated_attacks_ge_10;repeated_attacks_ge_5,0,0,False,False,,
AS61254,ESTOXY-OU,ESTOXY-MNT,287,5,25,low,repeated_attacks_ge_10;repeated_attacks_ge_5,0,0,False,False,,
AS150884,,,284,1,25,low,repeated_attacks_ge_10,0,0,False,False,,
AS396919,,,282,1,25,low,repeated_attacks_ge_10,0,0,False,False,,
AS24309,CABLELITE-AS-AP,IRT-CABLELITE-IN,281,2,25,low,repeated_attacks_ge_10,0,0,False,False,,
AS26599,,,276,16,25,low,repeated_attacks_ge_10;repeated_attacks_ge_2;repeated_attacks_ge_5,0,0,False,False,,
AS38731,VTDC-AS-VN,Dau Khac Thanh,276,5,25,low,repeated_attacks_ge_10;repeated_attacks_ge_2;repeated_attacks_ge_5,0,0,False,False,,
AS3132,,,276,2,25,low,repeated_attacks_ge_10,0,0,False,False,,
AS212835,SHESTERNIN-AS,Shesternin Vladimir Anatolievich,273,6,25,low,repeated_attacks_ge_10;repeated_attacks_ge_2;repeated_attacks_ge_5,0,0,False,False,,
AS153416,DTDMVNCLOUD-VN,Nguyen Thi Trang,273,2,25,low,repeated_attacks_ge_10;repeated_attacks_ge_2,0,0,False,False,,
AS9441,,,271,3,25,low,repeated_attacks_ge_10;repeated_attacks_ge_2,0,0,False,False,,
AS42337,RESPINA-AS,MNT-RSPN,269,4,25,low,repeated_attacks_ge_10;repeated_attacks_ge_2;repeated_attacks_ge_5,0,0,False,False,,
AS266092,,,268,1,25,low,repeated_attacks_ge_10,0,0,False,False,,
AS7418,7418,TELEFÓNICA CHILE S.A.,267,18,25,low,repeated_attacks_ge_10;repeated_attacks_ge_5,0,0,False,False,,
AS19429,19429,ETB - Colombia,267,5,25,low,repeated_attacks_ge_10;repeated_attacks_ge_2;repeated_attacks_ge_5,0,0,False,False,,
AS35362,,,263,1,25,low,repeated_attacks_ge_10,0,0,False,False,,
AS50304,BLIX,BLIX,260,2,25,low,repeated_attacks_ge_10,0,0,False,False,,
AS205463,VDSGLOBAL,ALPMEDYA-MNT,260,1,25,low,repeated_attacks_ge_10,0,0,False,False,,
AS208949,hbing-as,hbing-mnt,259,2,25,low,repeated_attacks_ge_10;repeated_attacks_ge_2,0,0,False,False,,
AS212743,,,256,35,25,low,repeated_attacks_ge_10;repeated_attacks_ge_5,0,0,False,False,,
AS41231,,,256,22,25,low,repeated_attacks_ge_10;repeated_attacks_ge_2;repeated_attacks_ge_5,0,0,False,False,,
AS134489,SBLINKNETWORK-AS-AP,IRT-SBLINKNETWORK-PK,254,1,25,low,repeated_attacks_ge_10,0,0,False,False,,
AS10617,,,253,38,25,low,repeated_attacks_ge_10;repeated_attacks_ge_2;repeated_attacks_ge_5,0,0,False,False,,
AS680,DFN,Christian Grimm,252,7,25,low,repeated_attacks_ge_10;repeated_attacks_ge_2;repeated_attacks_ge_5,0,0,False,False,,
AS133954,EXORDONLINE-BD,Exord Online Ltd,252,1,25,low,repeated_attacks_ge_10,0,0,False,False,,
AS197834,INTERACTIVE,MNT-UCOM,251,1,25,low,repeated_attacks_ge_10,0,0,False,False,,
AS21981,,,251,1,25,low,repeated_attacks_ge_10,0,0,False,False,,
AS135523,MULTINET-IE-AS-AP,IP CORE,249,5,25,low,repeated_attacks_ge_10;repeated_attacks_ge_2;repeated_attacks_ge_5,0,0,False,False,,
AS3209,VODANET,Vodafone Germany IP Core Backbone,249,3,25,low,repeated_attacks_ge_10,0,0,False,False,,
AS3320,,,248,8,25,low,repeated_attacks_ge_10;repeated_attacks_ge_2;repeated_attacks_ge_5,0,0,False,False,,
AS25019,SAUDINETSTC-AS,Saudi Telecom Company JSC,244,16,25,low,repeated_attacks_ge_10;repeated_attacks_ge_2;repeated_attacks_ge_5,0,0,False,False,,
AS24547,CMNET-V4HEBEI-AS-AP,"China Mobile Communications Group Co., Ltd",242,32,25,low,repeated_attacks_ge_10;repeated_attacks_ge_5,0,0,False,False,,
AS209706,magoodsllc,Ammr Alharbi,240,1,25,low,repeated_attacks_ge_10,0,0,False,False,,
AS201401,NewVM-AS,mnt-nl-newvm-1,238,5,25,low,repeated_attacks_ge_10,0,0,False,False,,
AS963,N963-AS-AP,N963 PTE LTD administrator,238,1,25,low,repeated_attacks_ge_10,0,0,False,False,,
AS23969,,,232,27,25,low,repeated_attacks_ge_10;repeated_attacks_ge_2;repeated_attacks_ge_5,0,0,False,False,,
AS18881,,,225,11,25,low,repeated_attacks_ge_10;repeated_attacks_ge_2;repeated_attacks_ge_5,0,0,False,False,,
AS42237,w1n,Anastasiia,223,7,25,low,repeated_attacks_ge_10;repeated_attacks_ge_2,0,0,False,False,,
AS22047,22047,VTR BANDA ANCHA S.A.,222,18,25,low,repeated_attacks_ge_10;repeated_attacks_ge_5,0,0,False,False,,
AS58232,haderan,Arshia Parvane Contact Admin,220,1,25,low,repeated_attacks_ge_10,0,0,False,False,,
AS3356,,,217,5,25,low,repeated_attacks_ge_10;repeated_attacks_ge_2;repeated_attacks_ge_5,0,0,False,False,,
AS26863,,,212,1,25,low,repeated_attacks_ge_10,0,0,False,False,,
AS6697,BELPAK-AS,AS6697-MNT,211,6,25,low,repeated_attacks_ge_10;repeated_attacks_ge_5,0,0,False,False,,
AS13285,,,210,4,25,low,repeated_attacks_ge_10;repeated_attacks_ge_5,0,0,False,False,,
AS146817,,,208,1,25,low,repeated_attacks_ge_10,0,0,False,False,,
AS62468,,,206,2,25,low,repeated_attacks_ge_10,0,0,False,False,,
AS3352,Telefonica_de_EspaNa,Administradores Telefonica de Espana,199,4,25,low,repeated_attacks_ge_10;repeated_attacks_ge_2;repeated_attacks_ge_5,0,0,False,False,,
AS214639,TAKEHOST-AS,Abuse-C Role,199,2,25,low,repeated_attacks_ge_10;repeated_attacks_ge_2,0,0,False,False,,
AS215439,PLAY2GO-NET,Abuse contact role object,196,14,25,low,repeated_attacks_ge_10;repeated_attacks_ge_2;repeated_attacks_ge_5,0,0,False,False,,
AS211693,NolimitNET,Contact role,196,1,25,low,repeated_attacks_ge_10,0,0,False,False,,
AS265393,ASN265393,FIRENET SERVIÇOS DE TELECOMUNICAÇÕES LTDA,195,1,25,low,repeated_attacks_ge_10,0,0,False,False,,
AS137587,VMOBB-AS-IN,IRT-VMOBB-IN,188,3,25,low,repeated_attacks_ge_10,0,0,False,False,,
AS197540,netcup-AS,NETCUP-MNT,188,3,25,low,repeated_attacks_ge_10;repeated_attacks_ge_2,0,0,False,False,,
AS7979,,,188,1,25,low,repeated_attacks_ge_10,0,0,False,False,,
AS4847,,,186,4,25,low,repeated_attacks_ge_10;repeated_attacks_ge_2;repeated_attacks_ge_5,0,0,False,False,,
AS50219,VT-255-50219,Valence Technology Co.,186,2,25,low,repeated_attacks_ge_10;repeated_attacks_ge_5,0,0,False,False,,
AS57509,LL-Investment-Ltd,CloudBS Contact role,186,2,25,low,repeated_attacks_ge_10,0,0,False,False,,
AS46475,,,182,4,25,low,repeated_attacks_ge_10;repeated_attacks_ge_2;repeated_attacks_ge_5,0,0,False,False,,
AS2860,NOS_COMUNICACOES,AS2860-MNT,179,7,25,low,repeated_attacks_ge_10;repeated_attacks_ge_2,0,0,False,False,,
AS1100,,,179,1,25,low,repeated_attacks_ge_10,0,0,False,False,,
AS40662,,,178,2,25,low,repeated_attacks_ge_10,0,0,False,False,,
AS28573,ASN28573,Claro NXT Telecomunicacoes Ltda,173,32,25,low,repeated_attacks_ge_10;repeated_attacks_ge_2;repeated_attacks_ge_5,0,0,False,False,,
AS48721,FLYSERVERS-ENDCLIENTS,FLYSERVERS GLOBAL NETWORK OPERATION CENTRE,172,9,25,low,repeated_attacks_ge_10;repeated_attacks_ge_2;repeated_attacks_ge_5,0,0,False,False,,
AS41745,FORTIS-AS,Fortis Host,172,4,25,low,repeated_attacks_ge_10;repeated_attacks_ge_2;repeated_attacks_ge_5,0,0,False,False,,
AS198785,SEDMIODJEL-AS,Sedmi Odjel d.o.o.,171,1,25,low,repeated_attacks_ge_10,0,0,False,False,,
AS131275,LBPL-AS-AP,Logon Broadband Pvt. Limited,170,4,25,low,repeated_attacks_ge_10;repeated_attacks_ge_2,0,0,False,False,,
AS9318,,,169,8,25,low,repeated_attacks_ge_10;repeated_attacks_ge_2;repeated_attacks_ge_5,0,0,False,False,,
AS54113,,,165,4,25,low,repeated_attacks_ge_10,0,0,False,False,,
AS266829,266829,MAGALAJO S.A.,165,3,25,low,repeated_attacks_ge_10,0,0,False,False,,
AS31549,,,164,3,25,low,repeated_attacks_ge_10;repeated_attacks_ge_5,0,0,False,False,,
AS21341,SINET-AS,Soroush Rasanheh Company Ltd,163,1,25,low,repeated_attacks_ge_10,0,0,False,False,,
AS25374,,,163,1,25,low,repeated_attacks_ge_10,0,0,False,False,,
AS5384,EMIRATES-INTERNET,Sr. Network Administrator,162,16,25,low,repeated_attacks_ge_10;repeated_attacks_ge_2;repeated_attacks_ge_5,0,0,False,False,,
AS142002,,,161,7,25,low,repeated_attacks_ge_10;repeated_attacks_ge_5,0,0,False,False,,
AS137120,,,161,4,25,low,repeated_attacks_ge_10;repeated_attacks_ge_2,0,0,False,False,,
AS212552,BitCommand,BITADM,161,3,25,low,repeated_attacks_ge_10,0,0,False,False,,
AS51115,,,161,1,25,low,repeated_attacks_ge_10,0,0,False,False,,
AS48399,AS-LINXDATACENTER,LINXDC-NOC,160,2,25,low,repeated_attacks_ge_10,0,0,False,False,,
AS211860,,,158,2,25,low,repeated_attacks_ge_10,0,0,False,False,,
AS55666,GMEDIA-AS-ID,GMEDIA HOSTMASTER,158,2,25,low,repeated_attacks_ge_10,0,0,False,False,,
AS50581,,,157,15,25,low,repeated_attacks_ge_10;repeated_attacks_ge_2;repeated_attacks_ge_5,0,0,False,False,,
AS35645,,,157,1,25,low,repeated_attacks_ge_10,0,0,False,False,,
AS55081,24SHELLS,24 SHELLS,156,1,25,low,repeated_attacks_ge_10,0,0,False,False,,
AS36924,ORG-GCDS1-AFRINIC,Herve Boulouis,154,12,25,low,repeated_attacks_ge_10;repeated_attacks_ge_2;repeated_attacks_ge_5,0,0,False,False,,
AS30873,PTC-YemenNet,Public Telecommunication Corporation,154,1,25,low,repeated_attacks_ge_10,0,0,False,False,,
AS6849,UKRTELNET,Remiga Alexander,151,13,25,low,repeated_attacks_ge_10;repeated_attacks_ge_2;repeated_attacks_ge_5,0,0,False,False,,
AS398357,,,150,1,25,low,repeated_attacks_ge_10,0,0,False,False,,
AS64249,ENDOFFICE,Charles River Operation,150,1,25,low,repeated_attacks_ge_10,0,0,False,False,,
AS29465,,,142,6,25,low,repeated_attacks_ge_10;repeated_attacks_ge_5,0,0,False,False,,
AS52468,52468,UFINET PANAMA S.A.,141,14,25,low,repeated_attacks_ge_10;repeated_attacks_ge_2;repeated_attacks_ge_5,0,0,False,False,,
AS27947,27947,Telconet S.A,140,3,25,low,repeated_attacks_ge_10;repeated_attacks_ge_2,0,0,False,False,,
AS202021,RSOE-EU,"Take-Two Interactive Software, Inc.",140,2,25,low,repeated_attacks_ge_10,0,0,False,False,,
AS21246,,,138,1,25,low,repeated_attacks_ge_10,0,0,False,False,,
AS198189,STEALTHVM,Admin,137,2,25,low,repeated_attacks_ge_10;repeated_attacks_ge_2,0,0,False,False,,
AS42831,UKSERVERS-AS,David Howes,135,1,25,low,repeated_attacks_ge_10,0,0,False,False,,
AS8346,SONATEL,AS8346-MNT,133,2,25,low,repeated_attacks_ge_10;repeated_attacks_ge_2,0,0,False,False,,
AS38818,YOKOUNANET-MN-AS-AP,Jazag Lkhagvasuren,133,1,25,low,repeated_attacks_ge_10,0,0,False,False,,
AS12975,,,132,8,25,low,repeated_attacks_ge_10;repeated_attacks_ge_2;repeated_attacks_ge_5,0,0,False,False,,
AS395954,LEASEWEB-USA-LAX,"Leaseweb USA, Inc.",132,1,25,low,repeated_attacks_ge_10,0,0,False,False,,
AS48874,HOSTMAZE,HOSTMAZE-MNT,132,1,25,low,repeated_attacks_ge_10,0,0,False,False,,
AS4788,,,131,13,25,low,repeated_attacks_ge_10;repeated_attacks_ge_2;repeated_attacks_ge_5,0,0,False,False,,
AS64236,UNREAL-SERVERS,"UnReal Servers, LLC",131,3,25,low,repeated_attacks_ge_10;repeated_attacks_ge_2,0,0,False,False,,
AS1836,GREEN,AS1836-MNT,131,1,25,low,repeated_attacks_ge_10,0,0,False,False,,
AS46555,,,130,2,25,low,repeated_attacks_ge_10,0,0,False,False,,
AS141998,,,130,1,25,low,repeated_attacks_ge_10,0,0,False,False,,
AS39273,,,130,1,25,low,repeated_attacks_ge_10,0,0,False,False,,
AS328952,,,129,1,25,low,repeated_attacks_ge_10,0,0,False,False,,
AS54290,,,126,2,25,low,repeated_attacks_ge_10;repeated_attacks_ge_5,0,0,False,False,,
AS6400,,,125,6,25,low,repeated_attacks_ge_10;repeated_attacks_ge_2;repeated_attacks_ge_5,0,0,False,False,,
AS61173,GWSN-AS,greenweb1,125,3,25,low,repeated_attacks_ge_10;repeated_attacks_ge_5,0,0,False,False,,
AS29194,,,125,1,25,low,repeated_attacks_ge_10,0,0,False,False,,
AS45820,,,124,3,25,low,repeated_attacks_ge_10;repeated_attacks_ge_2,0,0,False,False,,
AS9829,,,122,11,25,low,repeated_attacks_ge_10;repeated_attacks_ge_2;repeated_attacks_ge_5,0,0,False,False,,
AS44051,,,122,1,25,low,repeated_attacks_ge_10,0,0,False,False,,
AS211486,AAA-AS,LocalNCC-mnt,121,7,25,low,repeated_attacks_ge_10;repeated_attacks_ge_5,0,0,False,False,,
AS134768,,,120,8,25,low,repeated_attacks_ge_10;repeated_attacks_ge_2;repeated_attacks_ge_5,0,0,False,False,,
AS206996,zap-hosting,Marvin Kluck,120,1,25,low,repeated_attacks_ge_10,0,0,False,False,,
AS215747,,,120,1,25,low,repeated_attacks_ge_10,0,0,False,False,,
AS4771,,,120,1,25,low,repeated_attacks_ge_10,0,0,False,False,,
AS3255,UARNET-AS,admin,119,16,25,low,repeated_attacks_ge_10;repeated_attacks_ge_2;repeated_attacks_ge_5,0,0,False,False,,
AS42961,GPRS-AS,MTC-GPRS-KW,119,2,25,low,repeated_attacks_ge_10;repeated_attacks_ge_2,0,0,False,False,,
AS24445,CMNET-V4henan-AS-AP,yan deng,118,21,25,low,repeated_attacks_ge_10;repeated_attacks_ge_2;repeated_attacks_ge_5,0,0,False,False,,
AS36925,ORG-ME1-AFRINIC,ISP Orange Morocco,118,17,25,low,repeated_attacks_ge_10;repeated_attacks_ge_2;repeated_attacks_ge_5,0,0,False,False,,
AS203861,,,118,2,25,low,repeated_attacks_ge_10;repeated_attacks_ge_5,0,0,False,False,,
AS205997,Vlad_Cojuhari,Vlad Cojuhari,116,2,25,low,repeated_attacks_ge_10,0,0,False,False,,
AS32,,,116,1,25,low,repeated_attacks_ge_10,0,0,False,False,,
AS35916,MULTA-ASN1,MULTACOM CORPORATION,115,2,25,low,repeated_attacks_ge_10;repeated_attacks_ge_2,0,0,False,False,,
AS37492,ORG-OT3-AFRINIC,Orange Tunisie,113,7,25,low,repeated_attacks_ge_10;repeated_attacks_ge_5,0,0,False,False,,
AS41608,NextGenWebs-NL,es-nextgenwebs-1-mnt,113,2,25,low,repeated_attacks_ge_10,0,0,False,False,,
AS55836,RELIANCEJIO-IN,IRT-RELIANCEJIO-IN,112,14,25,low,repeated_attacks_ge_10;repeated_attacks_ge_2;repeated_attacks_ge_5,0,0,False,False,,
AS58485,,,111,8,25,low,repeated_attacks_ge_10;repeated_attacks_ge_2;repeated_attacks_ge_5,0,0,False,False,,
AS20485,TRANSTELECOM,TTC NOC,109,2,25,low,repeated_attacks_ge_10;repeated_attacks_ge_5,0,0,False,False,,
AS211632,ORG-ISI14-RIPE,ISI1,109,2,25,low,repeated_attacks_ge_10;repeated_attacks_ge_5,0,0,False,False,,
AS56045,,,108,9,25,low,repeated_attacks_ge_10;repeated_attacks_ge_5,0,0,False,False,,
AS11172,11172,"Alestra, S. de R.L. de C.V.",108,3,25,low,repeated_attacks_ge_10,0,0,False,False,,
AS139180,,,108,2,25,low,repeated_attacks_ge_10,0,0,False,False,,
AS17139,COLORADOCOLO,Corporate Colocation Inc.,108,2,25,low,repeated_attacks_ge_10;repeated_attacks_ge_2,0,0,False,False,,
AS398465,RACKDOG-LLC,"Rackdog, LLC",108,1,25,low,repeated_attacks_ge_10,0,0,False,False,,
AS37447,ORG-CCTs2-AFRINIC,Jephte Ntombi,107,1,25,low,repeated_attacks_ge_10,0,0,False,False,,
AS3301,TELIANET-SWEDEN,Telia Company AB,106,3,25,low,repeated_attacks_ge_10;repeated_attacks_ge_5,0,0,False,False,,
AS150249,,,106,1,25,low,repeated_attacks_ge_10,0,0,False,False,,
AS16960,16960,"Television Internacional, S.A. de C.V.",106,1,25,low,repeated_attacks_ge_10,0,0,False,False,,
AS329440,ORG-ONDL1-AFRINIC,Tianhoun Lossi,106,1,25,low,repeated_attacks_ge_10,0,0,False,False,,
AS6057,6057,Administracion Nacional de Telecomunicaciones,105,13,25,low,repeated_attacks_ge_10;repeated_attacks_ge_2;repeated_attacks_ge_5,0,0,False,False,,
AS45758,,,105,6,25,low,repeated_attacks_ge_10;repeated_attacks_ge_5,0,0,False,False,,
AS60064,,,105,3,25,low,repeated_attacks_ge_10;repeated_attacks_ge_5,0,0,False,False,,
AS398493,,,105,2,25,low,repeated_attacks_ge_10,0,0,False,False,,
AS153844,,,102,1,25,low,repeated_attacks_ge_10,0,0,False,False,,
AS39368,Serverir,AiroServer,99,1,25,low,repeated_attacks_ge_10,0,0,False,False,,
AS141031,,,98,2,25,low,repeated_attacks_ge_10,0,0,False,False,,
AS17995,SOLUSINET-AS-ID,Dedi Seprinra Arfie,98,2,25,low,repeated_attacks_ge_10,0,0,False,False,,
AS212913,TIMEHOST-AS,NETWORK-SUPPORT-MNT,97,5,25,low,repeated_attacks_ge_10;repeated_attacks_ge_2,0,0,False,False,,
AS2119,TELENOR-NEXTEL,AS2119-MNT,97,1,25,low,repeated_attacks_ge_10,0,0,False,False,,
AS33387,,,97,1,25,low,repeated_attacks_ge_10,0,0,False,False,,
AS58470,,,97,1,25,low,repeated_attacks_ge_10,0,0,False,False,,
AS149440,EVOXTSDNBHD-AS-AP,Evoxt Sdn Bhd administrator,96,1,25,low,repeated_attacks_ge_10,0,0,False,False,,
AS43060,IPLUS-AS,Artem Moskalev,95,6,25,low,repeated_attacks_ge_10;repeated_attacks_ge_2;repeated_attacks_ge_5,0,0,False,False,,
AS141421,MUXBROADBANDP-AS-AP,ONE CLICK COMMUNICATION PRIVATE LIMITED administrator,95,2,25,low,repeated_attacks_ge_10,0,0,False,False,,
AS29544,,,95,1,25,low,repeated_attacks_ge_10,0,0,False,False,,
AS30036,MEDIACOM-ENTERPRISE-BUSINESS,Mediacom Communications Corp,94,3,25,low,repeated_attacks_ge_10,0,0,False,False,,
AS140456,IDNIC-ERANYACLOUD-AS-ID,Fani Fatullah,94,1,25,low,repeated_attacks_ge_10,0,0,False,False,,
AS53107,,,94,1,25,low,repeated_attacks_ge_10,0,0,False,False,,
AS12353,,,93,4,25,low,repeated_attacks_ge_10;repeated_attacks_ge_5,0,0,False,False,,
AS209874,TECHTIDE,novacloud-hosting,93,1,25,low,repeated_attacks_ge_10,0,0,False,False,,
AS9498,BBIL-AP,IRT-BHARTI-IN,92,4,25,low,repeated_attacks_ge_10;repeated_attacks_ge_5,0,0,False,False,,
AS43350,NFORCE,MNT-NFORCE,92,1,25,low,repeated_attacks_ge_10,0,0,False,False,,
AS62068,,,90,1,25,low,repeated_attacks_ge_10,0,0,False,False,,
AS131353,NHANHOA-AS-VN,IRT-VNNIC-AP,89,2,25,low,repeated_attacks_ge_10,0,0,False,False,,
AS3223,VOXILITY,Voxility LLP,89,1,25,low,repeated_attacks_ge_10,0,0,False,False,,
AS132280,SYMPHONY-AP-TH,IRT-SYMPHONY-TH,88,2,25,low,repeated_attacks_ge_10,0,0,False,False,,
AS397032,,,88,1,25,low,repeated_attacks_ge_10,0,0,False,False,,
AS12735,ASTurkNet,MNT-TURKNET-MNT,87,5,25,low,repeated_attacks_ge_10;repeated_attacks_ge_2;repeated_attacks_ge_5,0,0,False,False,,
AS4761,,,87,2,25,low,repeated_attacks_ge_10;repeated_attacks_ge_5,0,0,False,False,,
AS150273,IDNIC-BMI-AS-ID,Johani Fauzi,86,1,25,low,repeated_attacks_ge_10,0,0,False,False,,
AS17621,CNCGROUP-SH,ChinaUnicom Hostmaster,85,21,25,low,repeated_attacks_ge_10;repeated_attacks_ge_2;repeated_attacks_ge_5,0,0,False,False,,
AS17816,CHINA169-GZ,ChinaUnicom Hostmaster,85,13,25,low,repeated_attacks_ge_10;repeated_attacks_ge_2;repeated_attacks_ge_5,0,0,False,False,,
AS9534,MAXIS-AS1-AP,Maxis Broadband Sdn Bhd,85,7,25,low,repeated_attacks_ge_10;repeated_attacks_ge_2;repeated_attacks_ge_5,0,0,False,False,,
AS40065,CNSERVERS,CNSERVERS LLC,85,6,25,low,repeated_attacks_ge_10;repeated_attacks_ge_2;repeated_attacks_ge_5,0,0,False,False,,
AS151330,PBPL-AS-AP,PLAY BROADBAND PVT LTD administrator,85,5,25,low,repeated_attacks_ge_10;repeated_attacks_ge_5,0,0,False,False,,
AS49981,WorldStream,MNT-WORLDSTREAM,85,4,25,low,repeated_attacks_ge_10,0,0,False,False,,
AS140900,,,85,3,25,low,repeated_attacks_ge_10;repeated_attacks_ge_2,0,0,False,False,,
AS58061,SCALAXY-AS,mnt-nl-scalaxy-1,85,2,25,low,repeated_attacks_ge_10;repeated_attacks_ge_2,0,0,False,False,,
AS4713,OCN,Japan Network Information Center,84,19,25,low,repeated_attacks_ge_10;repeated_attacks_ge_2;repeated_attacks_ge_5,0,0,False,False,,
AS8053,8053,IFX Networks Venezuela C.A.,84,4,25,low,repeated_attacks_ge_10,0,0,False,False,,
AS37705,,,83,7,25,low,repeated_attacks_ge_10;repeated_attacks_ge_2;repeated_attacks_ge_5,0,0,False,False,,
AS59895,BINARYRACKS-AS,lir-uk-bracks-1-MNT,83,2,25,low,repeated_attacks_ge_10,0,0,False,False,,
AS202796,,,83,1,25,low,repeated_attacks_ge_10,0,0,False,False,,
AS44050,PIN-AS,MNT-PIN,83,1,25,low,repeated_attacks_ge_10,0,0,False,False,,
AS45117,INPL-IN-AP,IRT-ISHAN-IN,83,1,25,low,repeated_attacks_ge_10,0,0,False,False,,
AS3215,AS3215,Administration Adresses,82,17,25,low,repeated_attacks_ge_10;repeated_attacks_ge_2;repeated_attacks_ge_5,0,0,False,False,,
AS52363,52363,Jumpnet Soluciones de Internet S.R.L.,82,4,25,low,repeated_attacks_ge_10,0,0,False,False,,
AS12850,,,82,2,25,low,repeated_attacks_ge_10,0,0,False,False,,
AS394695,,,82,2,25,low,repeated_attacks_ge_10;repeated_attacks_ge_5,0,0,False,False,,
AS140527,CHINANET-ANHUI-WUHU-IDC,China Telecom,81,12,25,low,repeated_attacks_ge_10;repeated_attacks_ge_2;repeated_attacks_ge_5,0,0,False,False,,
AS42548,,,81,1,25,low,repeated_attacks_ge_10,0,0,False,False,,
AS210356,,,80,3,25,low,repeated_attacks_ge_10,0,0,False,False,,
AS396426,,,80,1,25,low,repeated_attacks_ge_10,0,0,False,False,,
AS215929,,,77,6,25,low,repeated_attacks_ge_10;repeated_attacks_ge_5,0,0,False,False,,
AS328471,ORG-HP1-AFRINIC,HERO TELECOMS (PTY) LTD,77,6,25,low,repeated_attacks_ge_10;repeated_attacks_ge_5,0,0,False,False,,
AS43513,NANO-AS,NANO-MNT,77,2,25,low,repeated_attacks_ge_10,0,0,False,False,,
AS7616,JASTEL-NETWORK-IDC,JasTel Network Company Limited,77,1,25,low,repeated_attacks_ge_10,0,0,False,False,,
AS23693,TELKOMSEL-ASN-ID,IRT-TELKOMSEL-ID,76,6,25,low,repeated_attacks_ge_10;repeated_attacks_ge_2;repeated_attacks_ge_5,0,0,False,False,,
AS202660,,,76,1,25,low,repeated_attacks_ge_10,0,0,False,False,,
AS49468,MAGHOST_RO,maghost,75,1,25,low,repeated_attacks_ge_10,0,0,False,False,,
AS27983,27983,Red Intercable Digital S.A.,74,5,25,low,repeated_attacks_ge_10,0,0,False,False,,
AS11351,TWC-11351-NORTHEAST,Charter Communications Inc,74,3,25,low,repeated_attacks_ge_10,0,0,False,False,,
AS150279,,,74,1,25,low,repeated_attacks_ge_10,0,0,False,False,,
AS196638,Promtelecom-AS,JSC Promtelecom,73,1,25,low,repeated_attacks_ge_10,0,0,False,False,,
AS25229,,,72,9,25,low,repeated_attacks_ge_10;repeated_attacks_ge_2;repeated_attacks_ge_5,0,0,False,False,,
AS219474,GRAV-AS,GravHosting,72,4,25,low,repeated_attacks_ge_10,0,0,False,False,,
AS138129,,,72,1,25,low,repeated_attacks_ge_10,0,0,False,False,,
AS23201,23201,Telecel S.A.,72,1,25,low,repeated_attacks_ge_10,0,0,False,False,,
AS24866,Cloud-Megafon,MEGAFON-RIPE-MNT,72,1,25,low,repeated_attacks_ge_10,0,0,False,False,,
AS28343,,,71,7,25,low,repeated_attacks_ge_10;repeated_attacks_ge_2;repeated_attacks_ge_5,0,0,False,False,,
AS24139,,,71,2,25,low,repeated_attacks_ge_10;repeated_attacks_ge_5,0,0,False,False,,
AS931,HYONIX,Hyonix,71,2,25,low,repeated_attacks_ge_10,0,0,False,False,,
AS4750,CSLOXINFO-AS-AP,IRT-CSLOXINFO-TH,70,2,25,low,repeated_attacks_ge_10;repeated_attacks_ge_5,0,0,False,False,,
AS133200,NEOCOMISP-AS-AP,Pok LY,70,1,25,low,repeated_attacks_ge_10,0,0,False,False,,
AS3801,,,70,1,25,low,repeated_attacks_ge_10,0,0,False,False,,
AS42521,ARCTEL-AS42521,It,70,1,25,low,repeated_attacks_ge_10,0,0,False,False,,
AS8751,,,70,1,25,low,repeated_attacks_ge_10,0,0,False,False,,
AS15169,,,69,19,25,low,repeated_attacks_ge_10;repeated_attacks_ge_2,0,0,False,False,,
AS212136,NUBES,Abuse&INFO,69,1,25,low,repeated_attacks_ge_10,0,0,False,False,,
AS400724,,,69,1,25,low,repeated_attacks_ge_10,0,0,False,False,,
AS52981,ASN52981,Conecta Tecnologia LTDA,68,1,25,low,repeated_attacks_ge_10,0,0,False,False,,
AS577,,,67,6,25,low,repeated_attacks_ge_10;repeated_attacks_ge_5,0,0,False,False,,
AS63737,,,67,3,25,low,repeated_attacks_ge_10;repeated_attacks_ge_5,0,0,False,False,,
AS134420,CHINATELECOM-Chongqing-IDC,Chinanet Hostmaster,67,1,25,low,repeated_attacks_ge_10,0,0,False,False,,
AS8167,ASN8167,V tal,66,12,25,low,repeated_attacks_ge_10;repeated_attacks_ge_2;repeated_attacks_ge_5,0,0,False,False,,
AS1221,,,66,6,25,low,repeated_attacks_ge_10;repeated_attacks_ge_2;repeated_attacks_ge_5,0,0,False,False,,
AS149360,IDNIC-INTELMEDIA-AS-ID,IRT-INTELMEDIA-ID,66,1,25,low,repeated_attacks_ge_10,0,0,False,False,,
AS812,,,65,5,25,low,repeated_attacks_ge_10;repeated_attacks_ge_5,0,0,False,False,,
AS4230,,,65,2,25,low,repeated_attacks_ge_10,0,0,False,False,,
AS263693,,,65,1,25,low,repeated_attacks_ge_10,0,0,False,False,,
AS44869,FIBIA-P-S,MNT-SEAS-NVE,65,1,25,low,repeated_attacks_ge_10,0,0,False,False,,
AS197450,,,63,3,25,low,repeated_attacks_ge_10;repeated_attacks_ge_5,0,0,False,False,,
AS19901,,,63,1,25,low,repeated_attacks_ge_10,0,0,False,False,,
AS36992,,,63,1,25,low,repeated_attacks_ge_10,0,0,False,False,,
AS396356,,,62,3,25,low,repeated_attacks_ge_10,0,0,False,False,,
AS19889,19889,Cooperativa Telefonica Del Viso,62,2,25,low,repeated_attacks_ge_10,0,0,False,False,,
AS57798,IT-NET-LTD-AS,Karpalin V,62,2,25,low,repeated_attacks_ge_10,0,0,False,False,,
AS32489,AMANAHA-NEW,Amanah Tech Inc.,62,1,25,low,repeated_attacks_ge_10,0,0,False,False,,
AS39421,SAPINET-AS,Sapinet SAS,62,1,25,low,repeated_attacks_ge_10,0,0,False,False,,
AS10620,10620,Telmex Colombia S.A.,61,4,25,low,repeated_attacks_ge_10;repeated_attacks_ge_2;repeated_attacks_ge_5,0,0,False,False,,
AS56655,GIGAHOST,Gigahost AS,61,2,25,low,repeated_attacks_ge_10;repeated_attacks_ge_5,0,0,False,False,,
AS8881,VERSATEL,1&1 Versatel GmbH,61,2,25,low,repeated_attacks_ge_10;repeated_attacks_ge_2,0,0,False,False,,
AS19871,,,61,1,25,low,repeated_attacks_ge_10,0,0,False,False,,
AS35753,ITC,Bassam Al-Drewesh,61,1,25,low,repeated_attacks_ge_10,0,0,False,False,,
AS48969,PARUS-TELECOM-AS,Igor I.Korolkov,61,1,25,low,repeated_attacks_ge_10,0,0,False,False,,
AS13489,13489,UNE EPM TELECOMUNICACIONES S.A.,60,7,25,low,repeated_attacks_ge_10;repeated_attacks_ge_2;repeated_attacks_ge_5,0,0,False,False,,
AS36947,ORG-TA23-AFRINIC,Security Departement,60,6,25,low,repeated_attacks_ge_10;repeated_attacks_ge_2;repeated_attacks_ge_5,0,0,False,False,,
AS274243,,,60,3,25,low,repeated_attacks_ge_10;repeated_attacks_ge_5,0,0,False,False,,
AS52436,,,60,3,25,low,repeated_attacks_ge_10,0,0,False,False,,
AS263223,263223,SATELITES Y TELECOMUNICACIONES C.A,60,2,25,low,repeated_attacks_ge_10,0,0,False,False,,
AS209059,GCOM-AS,Alexey Vansevich,60,1,25,low,repeated_attacks_ge_10,0,0,False,False,,
AS45916,GTPL-AS-AP,IRT-GTPL-IN,58,6,25,low,repeated_attacks_ge_10;repeated_attacks_ge_2;repeated_attacks_ge_5,0,0,False,False,,
AS265798,,,58,5,25,low,repeated_attacks_ge_10;repeated_attacks_ge_2;repeated_attacks_ge_5,0,0,False,False,,
AS17762,,,58,2,25,low,repeated_attacks_ge_10,0,0,False,False,,
AS56971,,,58,2,25,low,repeated_attacks_ge_10,0,0,False,False,,
AS133481,AIS-Fibre-AS-AP,SBN Co Ltd IP Planning,57,5,25,low,repeated_attacks_ge_10;repeated_attacks_ge_2;repeated_attacks_ge_5,0,0,False,False,,
AS6128,,,57,4,25,low,repeated_attacks_ge_10;repeated_attacks_ge_5,0,0,False,False,,
AS34918,PISHGAMAN-DATACENTER,Hossein Bagherpour,57,2,25,low,repeated_attacks_ge_10,0,0,False,False,,
AS17638,,,56,13,25,low,repeated_attacks_ge_10;repeated_attacks_ge_2;repeated_attacks_ge_5,0,0,False,False,,
AS24691,TOGOTEL-AS,RIPE-NCC-END-MNT,56,4,25,low,repeated_attacks_ge_10;repeated_attacks_ge_5,0,0,False,False,,
AS197207,,,56,2,25,low,repeated_attacks_ge_10;repeated_attacks_ge_5,0,0,False,False,,
AS7049,,,55,4,25,low,repeated_attacks_ge_10;repeated_attacks_ge_5,0,0,False,False,,
AS12816,,,55,3,25,low,repeated_attacks_ge_10;repeated_attacks_ge_2;repeated_attacks_ge_5,0,0,False,False,,
AS48642,,,55,3,25,low,repeated_attacks_ge_10;repeated_attacks_ge_5,0,0,False,False,,
AS197522,ISP-KIM-NET,Marian Kasko,55,2,25,low,repeated_attacks_ge_10,0,0,False,False,,
AS50204,ARHAT-AS,ARHAT-MNT,55,2,25,low,repeated_attacks_ge_10,0,0,False,False,,
AS141627,,,55,1,25,low,repeated_attacks_ge_10,0,0,False,False,,
AS17318,,,55,1,25,low,repeated_attacks_ge_10,0,0,False,False,,
AS3786,,,54,10,25,low,repeated_attacks_ge_10;repeated_attacks_ge_2;repeated_attacks_ge_5,0,0,False,False,,
AS39608,,,54,6,25,low,repeated_attacks_ge_10;repeated_attacks_ge_5,0,0,False,False,,
AS6799,OTENET-GR,OTENET IP ADM,54,5,25,low,repeated_attacks_ge_10;repeated_attacks_ge_2;repeated_attacks_ge_5,0,0,False,False,,
AS140717,,,54,3,25,low,repeated_attacks_ge_10;repeated_attacks_ge_2,0,0,False,False,,
AS20011,ORG-DD1-AFRINIC,Elne Kramer,54,3,25,low,repeated_attacks_ge_10;repeated_attacks_ge_5,0,0,False,False,,
AS137951,,,54,1,25,low,repeated_attacks_ge_10,0,0,False,False,,
AS269218,ASN269218,CARLETE DA SILVA CARDOSO,54,1,25,low,repeated_attacks_ge_10,0,0,False,False,,
AS267741,267741,REDLAM S.R.L,53,2,25,low,repeated_attacks_ge_10,0,0,False,False,,
AS28111,,,53,2,25,low,repeated_attacks_ge_10,0,0,False,False,,
AS134771,CHINATELECOM-ZHEJIANG-WENZHOU-IDC,Chinanet Hostmaster,53,1,25,low,repeated_attacks_ge_10,0,0,False,False,,
AS23856,,,53,1,25,low,repeated_attacks_ge_10,0,0,False,False,,
AS140061,,,52,12,25,low,repeated_attacks_ge_10;repeated_attacks_ge_2;repeated_attacks_ge_5,0,0,False,False,,
AS132525,CMNET-HEILONGJIANG-CN,longjiang hei,52,10,25,low,repeated_attacks_ge_10;repeated_attacks_ge_2;repeated_attacks_ge_5,0,0,False,False,,
AS43633,UA-GIGABIT,Andrew Baurin,52,5,25,low,repeated_attacks_ge_10;repeated_attacks_ge_2,0,0,False,False,,
AS200391,KREZ999AS,MNT-LIR-BG,52,1,25,low,repeated_attacks_ge_10,0,0,False,False,,
AS27699,ASN27699,TELEFÔNICA BRASIL S.A,51,9,25,low,repeated_attacks_ge_10;repeated_attacks_ge_2;repeated_attacks_ge_5,0,0,False,False,,
AS37693,,,51,3,25,low,repeated_attacks_ge_10;repeated_attacks_ge_5,0,0,False,False,,
AS30722,,,50,8,25,low,repeated_attacks_ge_10;repeated_attacks_ge_5,0,0,False,False,,
AS57269,,,50,7,25,low,repeated_attacks_ge_10;repeated_attacks_ge_2;repeated_attacks_ge_5,0,0,False,False,,
AS203214,HulumTele,Ammar Saleh,50,5,25,low,repeated_attacks_ge_10;repeated_attacks_ge_2;repeated_attacks_ge_5,0,0,False,False,,
AS141071,JEMBATANDATA-AS-ID,Rio Prayoga,50,4,25,low,repeated_attacks_ge_10;repeated_attacks_ge_5,0,0,False,False,,
AS215421,,,50,3,25,low,repeated_attacks_ge_10;repeated_attacks_ge_5,0,0,False,False,,
AS35320,ETT-AS,Eurotranstelecom,50,3,25,low,repeated_attacks_ge_10;repeated_attacks_ge_5,0,0,False,False,,
AS56005,Fastidc,Huang Yi,49,4,25,low,repeated_attacks_ge_10;repeated_attacks_ge_2,0,0,False,False,,
AS213877,,,49,2,25,low,repeated_attacks_ge_10,0,0,False,False,,
AS56568,XCOMMUNICATION-AS,MNT-XC,49,2,25,low,repeated_attacks_ge_10;repeated_attacks_ge_5,0,0,False,False,,
AS18809,18809,Cable Onda,49,1,25,low,repeated_attacks_ge_10,0,0,False,False,,
AS140292,CHINATELECOM-JIANGSU-SUZHOU-5G-NETWORK,Chinanet Hostmaster,48,8,25,low,repeated_attacks_ge_10;repeated_attacks_ge_2;repeated_attacks_ge_5,0,0,False,False,,
AS28015,,,48,3,25,low,repeated_attacks_ge_10,0,0,False,False,,
AS205352,kblnet,bg-nnetcom-1-mnt,48,2,25,low,repeated_attacks_ge_10,0,0,False,False,,
AS23752,NPTELECOM-NP-AS,IRT-NPTELECOM-NP,48,2,25,low,repeated_attacks_ge_10,0,0,False,False,,
AS134674,TATAPLAYBROADBAND-AS-AP,Tata Play Broadband Private Limited,48,1,25,low,repeated_attacks_ge_10,0,0,False,False,,
AS140318,,,48,1,25,low,repeated_attacks_ge_10,0,0,False,False,,
AS269561,,,48,1,25,low,repeated_attacks_ge_10,0,0,False,False,,
AS37577,ORG-ABFS1-AFRINIC,Igor Zoungrana,47,5,25,low,repeated_attacks_ge_10;repeated_attacks_ge_5,0,0,False,False,,
AS5410,BOUYGTEL-ISP,BYTEL-MNT,47,4,25,low,repeated_attacks_ge_10;repeated_attacks_ge_2,0,0,False,False,,
AS11845,,,47,3,25,low,repeated_attacks_ge_10;repeated_attacks_ge_5,0,0,False,False,,
AS52361,,,47,3,25,low,repeated_attacks_ge_10;repeated_attacks_ge_5,0,0,False,False,,
AS134867,,,47,1,25,low,repeated_attacks_ge_10,0,0,False,False,,
AS4775,GLOBE-TELECOM-AS,"Globe Telecom (GMCR,INC)",46,4,25,low,repeated_attacks_ge_10;repeated_attacks_ge_5,0,0,False,False,,
AS265876,,,46,2,25,low,repeated_attacks_ge_10,0,0,False,False,,
AS29190,OVERTA-AS,MTU-NOC,46,1,25,low,repeated_attacks_ge_10,0,0,False,False,,
AS52444,52444,Pogliotti & Pogliotti Construcciones S.A.,46,1,25,low,repeated_attacks_ge_10,0,0,False,False,,
AS18049,,,45,8,25,low,repeated_attacks_ge_10;repeated_attacks_ge_2;repeated_attacks_ge_5,0,0,False,False,,
AS38841,,,45,7,25,low,repeated_attacks_ge_10;repeated_attacks_ge_5,0,0,False,False,,
AS49889,,,45,4,25,low,repeated_attacks_ge_10;repeated_attacks_ge_5,0,0,False,False,,
AS7029,WINDSTREAM,Windstream Communications LLC,45,3,25,low,repeated_attacks_ge_10;repeated_attacks_ge_5,0,0,False,False,,
AS28840,TATTELECOM-AS,Service Provider PJSC Tattelecom,45,1,25,low,repeated_attacks_ge_10,0,0,False,False,,
AS215540,GCS-AS,Global Connectivity Solutions,44,6,25,low,repeated_attacks_ge_10;repeated_attacks_ge_2;repeated_attacks_ge_5,0,0,False,False,,
AS5483,MAGYAR-TELEKOM-MAIN-AS,AS5483-MNT,44,5,25,low,repeated_attacks_ge_10;repeated_attacks_ge_2;repeated_attacks_ge_5,0,0,False,False,,
AS12252,12252,America Movil Peru S.A.C.,44,3,25,low,repeated_attacks_ge_10;repeated_attacks_ge_2;repeated_attacks_ge_5,0,0,False,False,,
AS49531,,,44,3,25,low,repeated_attacks_ge_10;repeated_attacks_ge_2;repeated_attacks_ge_5,0,0,False,False,,
AS197738,ZASTAVA-PLUS-AS,MNT-ZASTAVA,44,2,25,low,repeated_attacks_ge_10,0,0,False,False,,
AS29405,,,44,2,25,low,repeated_attacks_ge_10,0,0,False,False,,
AS137143,MINNALNW-AS,Kandasamy Nanjappan,44,1,25,low,repeated_attacks_ge_10,0,0,False,False,,
AS207164,PRIMANET,md-primanet-1-mnt,44,1,25,low,repeated_attacks_ge_10,0,0,False,False,,
AS26658,,,43,1,25,low,repeated_attacks_ge_10,0,0,False,False,,
AS47845,,,43,1,25,low,repeated_attacks_ge_10,0,0,False,False,,
AS8412,TMA,AS8412-MNT,43,1,25,low,repeated_attacks_ge_10,0,0,False,False,,
AS7738,ASN7738,V tal,42,9,25,low,repeated_attacks_ge_10;repeated_attacks_ge_2;repeated_attacks_ge_5,0,0,False,False,,
AS9930,TTNET-MY,TIMENet IP Hostmasters,42,5,25,low,repeated_attacks_ge_10;repeated_attacks_ge_2;repeated_attacks_ge_5,0,0,False,False,,
AS200350,,,42,4,25,low,repeated_attacks_ge_10;repeated_attacks_ge_2;repeated_attacks_ge_5,0,0,False,False,,
AS31272,WILDPARK-AS,Alexander A. Lapidus,42,4,25,low,repeated_attacks_ge_10;repeated_attacks_ge_2,0,0,False,False,,
AS14522,14522,SERVICIOS DE TELECOMUNICACIONES SETEL S.A. (XTRIM EC),42,3,25,low,repeated_attacks_ge_10;repeated_attacks_ge_5,0,0,False,False,,
AS31376,,,42,1,25,low,repeated_attacks_ge_10,0,0,False,False,,
AS16010,MagticomAS,Magticom NOC,41,5,25,low,repeated_attacks_ge_10;repeated_attacks_ge_2;repeated_attacks_ge_5,0,0,False,False,,
AS136907,HWCLOUDS-AS-AP,IRT-HIPL-SG,41,3,25,low,repeated_attacks_ge_10;repeated_attacks_ge_2,0,0,False,False,,
AS50543,,,41,3,25,low,repeated_attacks_ge_10;repeated_attacks_ge_5,0,0,False,False,,
AS265561,265561,LANTOINTERNET SA DE CV,41,2,25,low,repeated_attacks_ge_10,0,0,False,False,,
AS328480,ORG-TMW1-AFRINIC,Darren Gorton,41,2,25,low,repeated_attacks_ge_10;repeated_attacks_ge_5,0,0,False,False,,
AS6789,CRELCOM-NET,AS6789-MNT,41,2,25,low,repeated_attacks_ge_10,0,0,False,False,,
AS13999,,,40,5,25,low,repeated_attacks_ge_10;repeated_attacks_ge_5,0,0,False,False,,
AS12430,,,40,4,25,low,repeated_attacks_ge_10;repeated_attacks_ge_2;repeated_attacks_ge_5,0,0,False,False,,
AS33991,,,40,4,25,low,repeated_attacks_ge_10;repeated_attacks_ge_2;repeated_attacks_ge_5,0,0,False,False,,
AS15802,DU-AS1,DIC-MNT,40,3,25,low,repeated_attacks_ge_10;repeated_attacks_ge_2,0,0,False,False,,
AS131090,,,40,2,25,low,repeated_attacks_ge_10,0,0,False,False,,
AS28075,,,40,2,25,low,repeated_attacks_ge_10,0,0,False,False,,
AS43309,GIPERNET-AS,GiperNet NOC,40,2,25,low,repeated_attacks_ge_10,0,0,False,False,,
AS49183,,,40,2,25,low,repeated_attacks_ge_10,0,0,False,False,,
AS38713,,,40,1,25,low,repeated_attacks_ge_10,0,0,False,False,,
AS39845,,,40,1,25,low,repeated_attacks_ge_10,0,0,False,False,,
AS42277,,,40,1,25,low,repeated_attacks_ge_10,0,0,False,False,,
AS46844,SHARKTECH,Sharktech,40,1,25,low,repeated_attacks_ge_10,0,0,False,False,,
AS6147,6147,INTEGRATEL PERÚ S.A.A.,39,5,25,low,repeated_attacks_ge_10;repeated_attacks_ge_2;repeated_attacks_ge_5,0,0,False,False,,
AS214438,nexgen-ca1,lir-uk-nexgen-1-MNT,39,4,25,low,repeated_attacks_ge_10;repeated_attacks_ge_5,0,0,False,False,,
AS14232,14232,Cooperativa Telefónica Pinamar Ltda.,39,2,25,low,repeated_attacks_ge_10,0,0,False,False,,
AS27951,,,39,2,25,low,repeated_attacks_ge_10,0,0,False,False,,
AS54643,IDIGITAL,Idigital Internet Inc.,39,2,25,low,repeated_attacks_ge_10;repeated_attacks_ge_5,0,0,False,False,,
AS11320,LIGHTEDGE-AS-02,LightEdge Solutions,39,1,25,low,repeated_attacks_ge_10,0,0,False,False,,
AS213570,,,39,1,25,low,repeated_attacks_ge_10,0,0,False,False,,
AS40950,DEDIBYTE-LLC,"DediByte, LLC",39,1,25,low,repeated_attacks_ge_10,0,0,False,False,,
AS150895,,,38,5,25,low,repeated_attacks_ge_10;repeated_attacks_ge_2;repeated_attacks_ge_5,0,0,False,False,,
AS15924,BORUSANTELEKOM-AS,Borusan Telekom Backbone Group,38,2,25,low,repeated_attacks_ge_10,0,0,False,False,,
AS212617,ALDEN-AS,ALDEN-MNT,38,2,25,low,repeated_attacks_ge_10,0,0,False,False,,
AS39199,,,37,3,25,low,repeated_attacks_ge_10;repeated_attacks_ge_2;repeated_attacks_ge_5,0,0,False,False,,
AS43440,digitalesuisse,James McCreary,37,3,25,low,repeated_attacks_ge_10,0,0,False,False,,
AS64107,,,37,2,25,low,repeated_attacks_ge_10,0,0,False,False,,
AS209896,,,37,1,25,low,repeated_attacks_ge_10,0,0,False,False,,
AS214481,,,37,1,25,low,repeated_attacks_ge_10,0,0,False,False,,
AS52399,,,37,1,25,low,repeated_attacks_ge_10,0,0,False,False,,
AS52341,,,36,4,25,low,repeated_attacks_ge_10;repeated_attacks_ge_5,0,0,False,False,,
AS23966,,,36,2,25,low,repeated_attacks_ge_10;repeated_attacks_ge_5,0,0,False,False,,
AS3491,,,36,1,25,low,repeated_attacks_ge_10,0,0,False,False,,
AS395032,,,36,1,25,low,repeated_attacks_ge_10,0,0,False,False,,
AS15557,,,35,7,25,low,repeated_attacks_ge_10;repeated_attacks_ge_5,0,0,False,False,,
AS9123,TimeWeb-AS,"JSC ""TIMEWEB""",35,3,25,low,repeated_attacks_ge_10;repeated_attacks_ge_2;repeated_attacks_ge_5,0,0,False,False,,
AS21769,,,35,2,25,low,repeated_attacks_ge_10;repeated_attacks_ge_5,0,0,False,False,,
AS24651,LVBALTICOM-AS,BALTICOM ADMIN,35,2,25,low,repeated_attacks_ge_10;repeated_attacks_ge_2,0,0,False,False,,
AS17451,,,34,4,25,low,repeated_attacks_ge_10;repeated_attacks_ge_5,0,0,False,False,,
AS35805,SILKNET-AS,MNT-UTG,34,3,25,low,repeated_attacks_ge_10;repeated_attacks_ge_5,0,0,False,False,,
AS28202,ASN28202,MASTER S/A,34,2,25,low,repeated_attacks_ge_10;repeated_attacks_ge_5,0,0,False,False,,
AS49588,,,34,2,25,low,repeated_attacks_ge_10;repeated_attacks_ge_5,0,0,False,False,,
AS6876,,,34,2,25,low,repeated_attacks_ge_10;repeated_attacks_ge_5,0,0,False,False,,
AS152448,,,34,1,25,low,repeated_attacks_ge_10,0,0,False,False,,
AS9269,HKBN-AS-AP,HKBN Hostmaster,33,4,25,low,repeated_attacks_ge_10;repeated_attacks_ge_5,0,0,False,False,,
AS263703,,,33,3,25,low,repeated_attacks_ge_10;repeated_attacks_ge_2;repeated_attacks_ge_5,0,0,False,False,,
AS44395,,,33,3,25,low,repeated_attacks_ge_10;repeated_attacks_ge_5,0,0,False,False,,
AS12768,ER-TELECOM-AS,"JSC ""ER-Telecom Holding""",33,2,25,low,repeated_attacks_ge_10;repeated_attacks_ge_5,0,0,False,False,,
AS14754,,,33,2,25,low,repeated_attacks_ge_10;repeated_attacks_ge_5,0,0,False,False,,
AS211621,,,33,2,25,low,repeated_attacks_ge_10;repeated_attacks_ge_5,0,0,False,False,,
AS28048,28048,Internet Para Todos - Gobierno de La Rioja,33,2,25,low,repeated_attacks_ge_10;repeated_attacks_ge_5,0,0,False,False,,
AS28458,28458,IENTC S DE RL DE CV,33,2,25,low,repeated_attacks_ge_10,0,0,False,False,,
AS28885,OMANTEL-NAP-AS,AS8529-MNT,33,2,25,low,repeated_attacks_ge_10;repeated_attacks_ge_2,0,0,False,False,,
AS50648,UAINET-AS,PE UAinet,33,2,25,low,repeated_attacks_ge_10;repeated_attacks_ge_5,0,0,False,False,,
AS6167,CELLCO-PART,Verizon Business,33,2,25,low,repeated_attacks_ge_10;repeated_attacks_ge_2,0,0,False,False,,
AS4907,IENS-AS-AP,IENS TECHNOLOGY PTE. LTD,33,1,25,low,repeated_attacks_ge_10,0,0,False,False,,
AS33915,,,32,7,25,low,repeated_attacks_ge_10;repeated_attacks_ge_2;repeated_attacks_ge_5,0,0,False,False,,
AS12714,MEGAFON-AS,MEGAFON-RIPE-MNT,32,6,25,low,repeated_attacks_ge_10;repeated_attacks_ge_2;repeated_attacks_ge_5,0,0,False,False,,
AS27901,27901,Pacifico Cable SPA.,32,5,25,low,repeated_attacks_ge_10;repeated_attacks_ge_2;repeated_attacks_ge_5,0,0,False,False,,
AS28787,AS-AZTELEKOM,Aydamir Aydamirov,32,5,25,low,repeated_attacks_ge_10;repeated_attacks_ge_2;repeated_attacks_ge_5,0,0,False,False,,
AS17511,,,32,4,25,low,repeated_attacks_ge_10;repeated_attacks_ge_2;repeated_attacks_ge_5,0,0,False,False,,
AS394684,AS-GOLD,GOLD DATA USA INC,32,4,25,low,repeated_attacks_ge_10;repeated_attacks_ge_2;repeated_attacks_ge_5,0,0,False,False,,
AS15377,,,32,2,25,low,repeated_attacks_ge_10;repeated_attacks_ge_5,0,0,False,False,,
AS211507,Aluy,LAIN,32,2,25,low,repeated_attacks_ge_10,0,0,False,False,,
AS265858,,,32,2,25,low,repeated_attacks_ge_10,0,0,False,False,,
AS266682,266682,DANIEL MARECHAL,32,2,25,low,repeated_attacks_ge_10;repeated_attacks_ge_5,0,0,False,False,,
AS38019,CMNET-V4TIANJIN-AS-AP,wei xi,32,2,25,low,repeated_attacks_ge_10;repeated_attacks_ge_5,0,0,False,False,,
AS60246,,,32,2,25,low,repeated_attacks_ge_10;repeated_attacks_ge_5,0,0,False,False,,
AS18678,,,31,5,25,low,repeated_attacks_ge_10;repeated_attacks_ge_2;repeated_attacks_ge_5,0,0,False,False,,
AS27895,27895,Núcleo S.A.,31,4,25,low,repeated_attacks_ge_10;repeated_attacks_ge_5,0,0,False,False,,
AS207558,EXPRES,mnt-ua-expres-1,31,2,25,low,repeated_attacks_ge_10;repeated_attacks_ge_5,0,0,False,False,,
AS11830,11830,Instituto Costarricense de Electricidad y Telecom.,31,1,25,low,repeated_attacks_ge_10,0,0,False,False,,
AS153995,TOWNLINK-AS-AP,IRT-TOWNLINK-HK,31,1,25,low,repeated_attacks_ge_10,0,0,False,False,,
AS18103,NEUVIZ-AS-ID-AP,IRT-IDNIC-ID,31,1,25,low,repeated_attacks_ge_10,0,0,False,False,,
AS262191,262191,LIBERTY NETWORKS DE COLOMBIA S.A.S,31,1,25,low,repeated_attacks_ge_10,0,0,False,False,,
AS2637,,,31,1,25,low,repeated_attacks_ge_10,0,0,False,False,,
AS263790,263790,RED POWER INTERNET SRL,31,1,25,low,repeated_attacks_ge_10,0,0,False,False,,
AS47887,NEU-AS,MNT-NEU,31,1,25,low,repeated_attacks_ge_10,0,0,False,False,,
AS5391,,,31,1,25,low,repeated_attacks_ge_10,0,0,False,False,,
AS58293,,,31,1,25,low,repeated_attacks_ge_10,0,0,False,False,,
AS7315,,,31,1,25,low,repeated_attacks_ge_10,0,0,False,False,,
AS9506,SINGTEL-FIBRE,"Singapore Telecommunications Ltd, Magix Services",31,1,25,low,repeated_attacks_ge_10,0,0,False,False,,
AS265688,265688,SINERGY SOLUCIONES INTEGRALES,30,4,25,low,repeated_attacks_ge_10;repeated_attacks_ge_5,0,0,False,False,,
AS6568,,,30,4,25,low,repeated_attacks_ge_10;repeated_attacks_ge_2;repeated_attacks_ge_5,0,0,False,False,,
AS136188,CHINATELECOM-ZHEJIANG-NINGBO-IDC,Chinanet Hostmaster,30,3,25,low,repeated_attacks_ge_10;repeated_attacks_ge_5,0,0,False,False,,
AS38661,HCLC-AS-KR-KR,AS Manager,30,2,25,low,repeated_attacks_ge_10;repeated_attacks_ge_5,0,0,False,False,,
AS39297,ARTEFACT,Sergiy Guminilovych,30,2,25,low,repeated_attacks_ge_10;repeated_attacks_ge_2,0,0,False,False,,
AS50772,UTT-AS,Nickolay G. Dergunov,30,2,25,low,repeated_attacks_ge_10;repeated_attacks_ge_2,0,0,False,False,,
AS58952,,,30,2,25,low,repeated_attacks_ge_10;repeated_attacks_ge_5,0,0,False,False,,
AS141039,PACKETHUBSA-AS-AP,PacketHub S.A.,30,1,25,low,repeated_attacks_ge_10,0,0,False,False,,
AS202561,,,30,1,25,low,repeated_attacks_ge_10,0,0,False,False,,
AS209242,CLOUDFLARESPECTRUM,Cloudflare Abuse Contact,30,1,25,low,repeated_attacks_ge_10,0,0,False,False,,
AS211101,maxlink,HTEL-MNT,30,1,25,low,repeated_attacks_ge_10,0,0,False,False,,
AS263219,263219,WIRNET S.R.L.,30,1,25,low,repeated_attacks_ge_10,0,0,False,False,,
AS264758,264758,ISP GROUP SRL,30,1,25,low,repeated_attacks_ge_10,0,0,False,False,,
AS265525,,,30,1,25,low,repeated_attacks_ge_10,0,0,False,False,,
AS39824,ALMANET-AS,Almanet Hostmaster Team,30,1,25,low,repeated_attacks_ge_10,0,0,False,False,,
AS54253,,,30,1,25,low,repeated_attacks_ge_10,0,0,False,False,,
AS61470,61470,MUSURIT,30,1,25,low,repeated_attacks_ge_10,0,0,False,False,,
AS21497,,,29,4,25,low,repeated_attacks_ge_10;repeated_attacks_ge_5,0,0,False,False,,
AS133770,HMCOMMUNICATION-AS-AP,H M COMMUNICATION administrator,29,2,25,low,repeated_attacks_ge_10;repeated_attacks_ge_5,0,0,False,False,,
AS8764,,,29,2,25,low,repeated_attacks_ge_10;repeated_attacks_ge_5,0,0,False,False,,
AS10029,,,29,1,25,low,repeated_attacks_ge_10,0,0,False,False,,
AS135901,MAYCHUNHO-AS-VN,IRT-VNNIC-AP,29,1,25,low,repeated_attacks_ge_10,0,0,False,False,,
AS137074,,,29,1,25,low,repeated_attacks_ge_10,0,0,False,False,,
AS16814,,,29,1,25,low,repeated_attacks_ge_10,0,0,False,False,,
AS207626,dgc,lir-de-dgc-1-MNT,29,1,25,low,repeated_attacks_ge_10,0,0,False,False,,
AS206092,,,28,4,25,low,repeated_attacks_ge_10;repeated_attacks_ge_2;repeated_attacks_ge_5,0,0,False,False,,
AS4007,SUBISU-CABLENET-AS-AP,SUBISU APNIC Admin,28,4,25,low,repeated_attacks_ge_10;repeated_attacks_ge_2;repeated_attacks_ge_5,0,0,False,False,,
AS327934,ORG-SNDT3-AFRINIC,Azmi Lahmar,28,3,25,low,repeated_attacks_ge_10;repeated_attacks_ge_5,0,0,False,False,,
AS6730,SUNRISE,AS6730-MNT,28,2,25,low,repeated_attacks_ge_10,0,0,False,False,,
AS12912,TMPL,AS12912-MNT,28,1,25,low,repeated_attacks_ge_10,0,0,False,False,,
AS138089,,,28,1,25,low,repeated_attacks_ge_10,0,0,False,False,,
AS15081,OMNI-FIBER,Omni Fiber,28,1,25,low,repeated_attacks_ge_10,0,0,False,False,,
AS16058,,,28,1,25,low,repeated_attacks_ge_10,0,0,False,False,,
AS203217,HORIZON-SCOPE-IQ,iq-horizon-scope-1-mnt,28,1,25,low,repeated_attacks_ge_10,0,0,False,False,,
AS207017,,,28,1,25,low,repeated_attacks_ge_10,0,0,False,False,,
AS263616,ASN263616,Dez Solucoes em Telecomunicacoes LTDA,28,1,25,low,repeated_attacks_ge_10,0,0,False,False,,
AS271779,,,28,1,25,low,repeated_attacks_ge_10,0,0,False,False,,
AS28037,,,28,1,25,low,repeated_attacks_ge_10,0,0,False,False,,
AS329426,,,28,1,25,low,repeated_attacks_ge_10,0,0,False,False,,
AS3326,Datagroup,ASN3326-MNT,28,1,25,low,repeated_attacks_ge_10,0,0,False,False,,
AS33588,BRESNAN-33588,Charter Communications LLC,28,1,25,low,repeated_attacks_ge_10,0,0,False,False,,
AS34139,DIVO-AS,DIVO-MNT,28,1,25,low,repeated_attacks_ge_10,0,0,False,False,,
AS34718,,,28,1,25,low,repeated_attacks_ge_10,0,0,False,False,,
AS35104,KTC-AS,JSC Jusan Mobile,28,1,25,low,repeated_attacks_ge_10,0,0,False,False,,
AS52409,,,28,1,25,low,repeated_attacks_ge_10,0,0,False,False,,
AS5466,,,28,1,25,low,repeated_attacks_ge_10,0,0,False,False,,
AS61452,61452,Restel S.A.,28,1,25,low,repeated_attacks_ge_10,0,0,False,False,,
AS402226,,,27,3,25,low,repeated_attacks_ge_10;repeated_attacks_ge_2,0,0,False,False,,
AS11556,11556,Cable & Wireless Panama,27,2,25,low,repeated_attacks_ge_10;repeated_attacks_ge_5,0,0,False,False,,
AS12764,AKNET-AS,AS12764-MNT,27,2,25,low,repeated_attacks_ge_10;repeated_attacks_ge_2,0,0,False,False,,
AS140389,IDNIC-DBIZ-AS-ID,Muhammad Rizqy,27,2,25,low,repeated_attacks_ge_10;repeated_attacks_ge_5,0,0,False,False,,
AS32098,,,27,2,25,low,repeated_attacks_ge_10,0,0,False,False,,
AS9371,,,27,2,25,low,repeated_attacks_ge_10;repeated_attacks_ge_5,0,0,False,False,,
AS11014,11014,CPS,27,1,25,low,repeated_attacks_ge_10,0,0,False,False,,
AS137541,,,27,1,25,low,repeated_attacks_ge_10,0,0,False,False,,
AS142122,,,27,1,25,low,repeated_attacks_ge_10,0,0,False,False,,
AS198550,,,27,1,25,low,repeated_attacks_ge_10,0,0,False,False,,
AS216472,HS-SYR,Admin,27,1,25,low,repeated_attacks_ge_10,0,0,False,False,,
AS24556,,,27,1,25,low,repeated_attacks_ge_10,0,0,False,False,,
AS262932,,,27,1,25,low,repeated_attacks_ge_10,0,0,False,False,,
AS265823,,,27,1,25,low,repeated_attacks_ge_10,0,0,False,False,,
AS268842,,,27,1,25,low,repeated_attacks_ge_10,0,0,False,False,,
AS274138,,,27,1,25,low,repeated_attacks_ge_10,0,0,False,False,,
AS45014,NCONNECT,nLighten Network Operations,27,1,25,low,repeated_attacks_ge_10,0,0,False,False,,
AS52232,,,27,1,25,low,repeated_attacks_ge_10,0,0,False,False,,
AS52233,,,27,1,25,low,repeated_attacks_ge_10,0,0,False,False,,
AS5645,,,27,1,25,low,repeated_attacks_ge_10,0,0,False,False,,
AS8468,,,27,1,25,low,repeated_attacks_ge_10,0,0,False,False,,
AS17813,MTNL-AP,Amarjeetkaur Bedi,26,3,25,low,repeated_attacks_ge_10;repeated_attacks_ge_2,0,0,False,False,,
AS60404,Liteserver,mnt-nl-theinfrastructuregroup-1,26,3,25,low,repeated_attacks_ge_10;repeated_attacks_ge_2,0,0,False,False,,
AS139835,,,26,2,25,low,repeated_attacks_ge_10;repeated_attacks_ge_5,0,0,False,False,,
AS209272,,,26,2,25,low,repeated_attacks_ge_10;repeated_attacks_ge_5,0,0,False,False,,
AS136088,ZITLINE-AS-ID,Yatna Sukma,26,1,25,low,repeated_attacks_ge_10,0,0,False,False,,
AS138004,MISL-AS-AP,IRT-MISL-BD,26,1,25,low,repeated_attacks_ge_10,0,0,False,False,,
AS140072,,,26,1,25,low,repeated_attacks_ge_10,0,0,False,False,,
AS19108,SUDDENLINK-COMMUNICATIONS,Optimum,26,1,25,low,repeated_attacks_ge_10,0,0,False,False,,
AS204735,,,26,1,25,low,repeated_attacks_ge_10,0,0,False,False,,
AS262966,ASN262966,KDM INTERNET TELECOMUNICACOES LTDA,26,1,25,low,repeated_attacks_ge_10,0,0,False,False,,
AS262988,,,26,1,25,low,repeated_attacks_ge_10,0,0,False,False,,
AS268945,ASN268945,Boa vista Net Ltda - me,26,1,25,low,repeated_attacks_ge_10,0,0,False,False,,
AS272951,272951,INTERCOM SERVICIOS C.A,26,1,25,low,repeated_attacks_ge_10,0,0,False,False,,
AS27717,,,26,1,25,low,repeated_attacks_ge_10,0,0,False,False,,
AS28509,28509,Cablemas Telecomunicaciones SA de CV,26,1,25,low,repeated_attacks_ge_10,0,0,False,False,,
AS29226,MASTERTEL-AS,MASTERTEL-MNT,26,1,25,low,repeated_attacks_ge_10,0,0,False,False,,
AS328399,,,26,1,25,low,repeated_attacks_ge_10,0,0,False,False,,
AS329126,ORG-IPL6-AFRINIC,Pierre Lightfoot,26,1,25,low,repeated_attacks_ge_10,0,0,False,False,,
AS37002,ORG-RS4-AFRINIC,Alexandre HOARAU,26,1,25,low,repeated_attacks_ge_10,0,0,False,False,,
AS39264,METROMAX-AS,Evgeny Zavershinsky,26,1,25,low,repeated_attacks_ge_10,0,0,False,False,,
AS53006,,,25,5,25,low,repeated_attacks_ge_10;repeated_attacks_ge_2,0,0,False,False,,
AS34142,BARTA-AS,Barta Andrii,25,2,25,low,repeated_attacks_ge_10;repeated_attacks_ge_5,0,0,False,False,,
AS133384,,,25,1,25,low,repeated_attacks_ge_10,0,0,False,False,,
AS134806,,,25,1,25,low,repeated_attacks_ge_10,0,0,False,False,,
AS147181,FLAREZENLTD-AS-AP,Flarezen Ltd administrator,25,1,25,low,repeated_attacks_ge_10,0,0,False,False,,
AS152440,IDNIC-ASHYLANET-AS-ID,IRT-ASHYLA-ID,25,1,25,low,repeated_attacks_ge_10,0,0,False,False,,
AS23520,LIBERTY-NETWORKS,"Columbus Networks USA, Inc.",25,1,25,low,repeated_attacks_ge_10,0,0,False,False,,
AS25250,ORG-GC5-AFRINIC,Baboucarr M. Saho,25,1,25,low,repeated_attacks_ge_10,0,0,False,False,,
AS26077,NEXTLINK-TEXAS,Nextlink Broadband,25,1,25,low,repeated_attacks_ge_10,0,0,False,False,,
AS262223,,,25,1,25,low,repeated_attacks_ge_10,0,0,False,False,,
AS263210,,,25,1,25,low,repeated_attacks_ge_10,0,0,False,False,,
AS263818,,,25,1,25,low,repeated_attacks_ge_10,0,0,False,False,,
AS264489,,,25,1,25,low,repeated_attacks_ge_10,0,0,False,False,,
AS267790,267790,NET ISP S.A.S,25,1,25,low,repeated_attacks_ge_10,0,0,False,False,,
AS272006,272006,DOVA SRL,25,1,25,low,repeated_attacks_ge_10,0,0,False,False,,
AS272894,,,25,1,25,low,repeated_attacks_ge_10,0,0,False,False,,
AS27653,27653,Alpha Communications Network,25,1,25,low,repeated_attacks_ge_10,0,0,False,False,,
AS41435,,,25,1,25,low,repeated_attacks_ge_10,0,0,False,False,,
AS43400,SV3-AS,NEO-TELEKOM Ltd,25,1,25,low,repeated_attacks_ge_10,0,0,False,False,,
AS43786,STCOMUA-AS,mnt-ua-utg-1,25,1,25,low,repeated_attacks_ge_10,0,0,False,False,,
AS4382,,,25,1,25,low,repeated_attacks_ge_10,0,0,False,False,,
AS45204,GEMNET-MN,IRT-GEMNET-MN,25,1,25,low,repeated_attacks_ge_10,0,0,False,False,,
AS52307,52307,CORPICO LTDA,25,1,25,low,repeated_attacks_ge_10,0,0,False,False,,
AS5432,PROXIMUS-ISP-AS,Belgacom Internet Expertise Center,25,1,25,low,repeated_attacks_ge_10,0,0,False,False,,
AS55501,CONNECTEL-PK,IP Control,25,1,25,low,repeated_attacks_ge_10,0,0,False,False,,
AS8870,OVDC-AS,Overseas Technologies LLC,25,1,25,low,repeated_attacks_ge_10,0,0,False,False,,
AS13118,ASN-YARTELECOM,Alexandr A Verbetsky,24,2,25,low,repeated_attacks_ge_10;repeated_attacks_ge_5,0,0,False,False,,
AS132934,SKYMAX-AS,Company Director,24,2,25,low,repeated_attacks_ge_10;repeated_attacks_ge_2,0,0,False,False,,
AS134840,,,24,2,25,low,repeated_attacks_ge_10;repeated_attacks_ge_5,0,0,False,False,,
AS131423,LVHN-AS-VN,IRT-VNNIC-AP,24,1,25,low,repeated_attacks_ge_10,0,0,False,False,,
AS202468,AbrArvan-AS,AbrArvan,24,1,25,low,repeated_attacks_ge_10,0,0,False,False,,
AS264631,264631,RED PARAGUAYA DE TELECOMUNICACIONES SA,24,1,25,low,repeated_attacks_ge_10,0,0,False,False,,
AS264837,264837,"CORPORACION VISUAL NUEVA ESPARTA, C.A",24,1,25,low,repeated_attacks_ge_10,0,0,False,False,,
AS27357,RACKSPACE,Rackspace Hosting,24,1,25,low,repeated_attacks_ge_10,0,0,False,False,,
AS29314,VECTRANET-AS,VECTRA S.A.,24,1,25,low,repeated_attacks_ge_10,0,0,False,False,,
AS31012,,,24,1,25,low,repeated_attacks_ge_10,0,0,False,False,,
AS35795,,,24,1,25,low,repeated_attacks_ge_10,0,0,False,False,,
AS39232,UNINET,Teymur Mekhtiyev,24,1,25,low,repeated_attacks_ge_10,0,0,False,False,,
AS42846,,,24,1,25,low,repeated_attacks_ge_10,0,0,False,False,,
AS56361,,,24,1,25,low,repeated_attacks_ge_10,0,0,False,False,,
AS7393,,,24,1,25,low,repeated_attacks_ge_10,0,0,False,False,,
AS7565,,,24,1,25,low,repeated_attacks_ge_10,0,0,False,False,,
AS9908,HKCABLE2-HK-AP,IRT-HKCABLE-HK,24,1,25,low,repeated_attacks_ge_10,0,0,False,False,,
AS31252,,,23,3,25,low,repeated_attacks_ge_10;repeated_attacks_ge_2;repeated_attacks_ge_5,0,0,False,False,,
AS12880,,,23,2,25,low,repeated_attacks_ge_10;repeated_attacks_ge_2,0,0,False,False,,
AS24400,,,23,2,25,low,repeated_attacks_ge_10;repeated_attacks_ge_5,0,0,False,False,,
AS265817,,,23,2,25,low,repeated_attacks_ge_10;repeated_attacks_ge_5,0,0,False,False,,
AS269870,269870,Giza S.A.,23,2,25,low,repeated_attacks_ge_10;repeated_attacks_ge_5,0,0,False,False,,
AS17727,NAPINFO-AS-AP,IRT-NAPNET-ID,23,1,25,low,repeated_attacks_ge_10,0,0,False,False,,
AS26042,FIBERSTATE,"FiberState, LLC",23,1,25,low,repeated_attacks_ge_10,0,0,False,False,,
AS263230,263230,COOPERATIVAS DE CALAMUCHITA - CONSORCIO DE COOPERACIÓN,23,1,25,low,repeated_attacks_ge_10,0,0,False,False,,
AS263720,263720,SURPORAIRE SA,23,1,25,low,repeated_attacks_ge_10,0,0,False,False,,
AS44375,AISDP,MNT-AISDP,23,1,25,low,repeated_attacks_ge_10,0,0,False,False,,
AS53755,IOFLOOD,Input Output Flood LLC,23,1,25,low,repeated_attacks_ge_10,0,0,False,False,,
AS55427,BROADLINK-AS-AP,IRT-BROADLINK-NP,23,1,25,low,repeated_attacks_ge_10,0,0,False,False,,
AS60508,PinosPuente-AS,Enrique Lopez Sierra,23,1,25,low,repeated_attacks_ge_10,0,0,False,False,,
AS134238,,,22,2,25,low,repeated_attacks_ge_10;repeated_attacks_ge_2,0,0,False,False,,
AS135259,SKYSIKAR-AS,IRT-SKYSIKAR-IN,22,2,25,low,repeated_attacks_ge_10;repeated_attacks_ge_5,0,0,False,False,,
AS49434,,,22,2,25,low,repeated_attacks_ge_10;repeated_attacks_ge_5,0,0,False,False,,
AS10297,ENET-2,eNET Inc.,22,1,25,low,repeated_attacks_ge_10,0,0,False,False,,
AS13046,ASN-ISKON,Iskon Internet,22,1,25,low,repeated_attacks_ge_10,0,0,False,False,,
AS135566,,,22,1,25,low,repeated_attacks_ge_10,0,0,False,False,,
AS265080,ASN265080,AD TELECOM,22,1,25,low,repeated_attacks_ge_10,0,0,False,False,,
AS27866,27866,COMPAÑIA PARAGUAYA DE COMUNICACIONES S.A. (COPACO S.A.),22,1,25,low,repeated_attacks_ge_10,0,0,False,False,,
AS9927,PHILCOMNET-PH,Joseph Bautista,22,1,25,low,repeated_attacks_ge_10,0,0,False,False,,
AS9931,,,22,1,25,low,repeated_attacks_ge_10,0,0,False,False,,
AS140293,CHINATELECOM-JIANGSU-CHANGZHOU-5G-NETWORK,Chinanet Hostmaster,21,4,25,low,repeated_attacks_ge_10;repeated_attacks_ge_5,0,0,False,False,,
AS1680,NV-ASN,CELLCOM-MNT,21,4,25,low,repeated_attacks_ge_10;repeated_attacks_ge_2;repeated_attacks_ge_5,0,0,False,False,,
AS207043,,,21,4,25,low,repeated_attacks_ge_10;repeated_attacks_ge_2;repeated_attacks_ge_5,0,0,False,False,,
AS214209,INTERNET-MAGNATE,FIVE_CYBER_HOST_SECURITY-MNT,21,4,25,low,repeated_attacks_ge_10;repeated_attacks_ge_2;repeated_attacks_ge_5,0,0,False,False,,
AS272330,,,21,2,25,low,repeated_attacks_ge_10;repeated_attacks_ge_5,0,0,False,False,,
AS27984,27984,Ver Tv S.A.,21,2,25,low,repeated_attacks_ge_10;repeated_attacks_ge_5,0,0,False,False,,
AS1257,SWIPNET,AS1257-MNT,21,1,25,low,repeated_attacks_ge_10,0,0,False,False,,
AS136969,,,21,1,25,low,repeated_attacks_ge_10,0,0,False,False,,
AS150008,PEL-AS-IN,IP Administrator IP Administrator Pioneer Elabs,21,1,25,low,repeated_attacks_ge_10,0,0,False,False,,
AS150900,VPSMMOCLOUD-VN,Dang My Ngoc,21,1,25,low,repeated_attacks_ge_10,0,0,False,False,,
AS23956,AMBERIT-BD-AS,IRT-AMBERIT-BD,21,1,25,low,repeated_attacks_ge_10,0,0,False,False,,
AS27967,27967,Gobernacion de la Provincia de Buenos Aires,21,1,25,low,repeated_attacks_ge_10,0,0,False,False,,
AS28065,,,21,1,25,low,repeated_attacks_ge_10,0,0,False,False,,
AS43139,,,21,1,25,low,repeated_attacks_ge_10,0,0,False,False,,
AS56529,,,21,1,25,low,repeated_attacks_ge_10,0,0,False,False,,
AS136255,TIMCL-AS-AP,PHAM CONG NGUYEN,20,3,25,low,repeated_attacks_ge_10;repeated_attacks_ge_2;repeated_attacks_ge_5,0,0,False,False,,
AS207810,VTelecom,Gor Tadevosyan,20,3,25,low,repeated_attacks_ge_10;repeated_attacks_ge_2,0,0,False,False,,
AS28378,28378,"TV Rey de Occidente, S.A. de C.V.",20,3,25,low,repeated_attacks_ge_10;repeated_attacks_ge_5,0,0,False,False,,
AS9919,NCIC-TW,IRT-NCIC-TW,20,3,25,low,repeated_attacks_ge_10;repeated_attacks_ge_5,0,0,False,False,,
AS11427,TWC-11427-TEXAS,Charter Communications Inc,20,2,25,low,repeated_attacks_ge_10;repeated_attacks_ge_5,0,0,False,False,,
AS2856,BT-UK-AS,BTnet Support,20,2,25,low,repeated_attacks_ge_10;repeated_attacks_ge_5,0,0,False,False,,
AS56377,MGSK-AS,Network Operation Center CJSC ER-Telecom Holding Magnitogorsk branch,20,2,25,low,repeated_attacks_ge_10;repeated_attacks_ge_5,0,0,False,False,,
AS5713,ORG-TSL2-AFRINIC,Telkom SA Ltd.,20,2,25,low,repeated_attacks_ge_10;repeated_attacks_ge_2,0,0,False,False,,
AS58309,LANGATE-AS,Andrey Golubnichiy,20,2,25,low,repeated_attacks_ge_10;repeated_attacks_ge_5,0,0,False,False,,
AS12741,AS-NETIA,NETIA-MNT,20,1,25,low,repeated_attacks_ge_10,0,0,False,False,,
AS133685,,,20,1,25,low,repeated_attacks_ge_10,0,0,False,False,,
AS140158,NAII-AS-IN,IRT-NAII-IN,20,1,25,low,repeated_attacks_ge_10,0,0,False,False,,
AS210474,,,20,1,25,low,repeated_attacks_ge_10,0,0,False,False,,
AS21453,,,20,1,25,low,repeated_attacks_ge_10,0,0,False,False,,
AS52397,,,20,1,25,low,repeated_attacks_ge_10,0,0,False,False,,
AS62048,ACAI,Arash Naderpour,20,1,25,low,repeated_attacks_ge_10,0,0,False,False,,
AS262287,,,19,3,25,low,repeated_attacks_ge_10;repeated_attacks_ge_2,0,0,False,False,,
AS31520,Datagroup-Retail,ASN3326-MNT,19,3,25,low,repeated_attacks_ge_10;repeated_attacks_ge_2;repeated_attacks_ge_5,0,0,False,False,,
AS37611,ORG-AS7-AFRINIC,Nicos Tjirkalli,19,3,25,low,repeated_attacks_ge_10;repeated_attacks_ge_5,0,0,False,False,,
AS9416,KBT,TWNIC ROLE-KBT,19,3,25,low,repeated_attacks_ge_10;repeated_attacks_ge_2;repeated_attacks_ge_5,0,0,False,False,,
AS134756,,,19,2,25,low,repeated_attacks_ge_10;repeated_attacks_ge_5,0,0,False,False,,
AS262820,,,19,2,25,low,repeated_attacks_ge_10;repeated_attacks_ge_5,0,0,False,False,,
AS265936,ASN265936,TURBONET CE,19,2,25,low,repeated_attacks_ge_10;repeated_attacks_ge_5,0,0,False,False,,
AS30985,ORG-IS28-AFRINIC,Orange Mali SA,19,2,25,low,repeated_attacks_ge_10;repeated_attacks_ge_2,0,0,False,False,,
AS46023,,,19,2,25,low,repeated_attacks_ge_10;repeated_attacks_ge_5,0,0,False,False,,
AS135472,IDNIC-SLEMAN-AS-ID,Sulistiyono Sulistiyono,19,1,25,low,repeated_attacks_ge_10,0,0,False,False,,
AS200651,FlokiNET,FlokiNET NOC,19,1,25,low,repeated_attacks_ge_10,0,0,False,False,,
AS211057,ps-astra,Firas Rabaei,19,1,25,low,repeated_attacks_ge_10,0,0,False,False,,
AS23118,,,19,1,25,low,repeated_attacks_ge_10,0,0,False,False,,
AS25454,ASN-OMD-FNO,Orange Moldova,19,1,25,low,repeated_attacks_ge_10,0,0,False,False,,
AS38195,SUPERLOOP-AS-AP,SUPERLOOP (AUSTRALIA) PTY LTD,19,1,25,low,repeated_attacks_ge_10,0,0,False,False,,
AS38625,,,19,1,25,low,repeated_attacks_ge_10,0,0,False,False,,
AS201409,,,18,1,25,low,repeated_attacks_ge_10,0,0,False,False,,
AS202602,GreenCloud,Dzung Nguyen,18,1,25,low,repeated_attacks_ge_10,0,0,False,False,,
AS216039,,,18,1,25,low,repeated_attacks_ge_10,0,0,False,False,,
AS21743,ANL-36,Atlas Networks Corporation,18,1,25,low,repeated_attacks_ge_10,0,0,False,False,,
AS274146,274146,BERISYS SOLUTIONS S.R.L.,18,1,25,low,repeated_attacks_ge_10,0,0,False,False,,
AS59253,LEASEWEB-APAC-SIN-11,LEASEWEB SINGAPORE PTE. LTD.,18,1,25,low,repeated_attacks_ge_10,0,0,False,False,,
AS61461,,,18,1,25,low,repeated_attacks_ge_10,0,0,False,False,,
AS64022,,,18,1,25,low,repeated_attacks_ge_10,0,0,False,False,,
AS8047,,,18,1,25,low,repeated_attacks_ge_10,0,0,False,False,,
AS52871,,,17,3,25,low,repeated_attacks_ge_10,0,0,False,False,,
AS5378,unspecified,Vodafone Limited,17,3,25,low,repeated_attacks_ge_10;repeated_attacks_ge_2,0,0,False,False,,
AS11878,,,17,2,25,low,repeated_attacks_ge_10;repeated_attacks_ge_5,0,0,False,False,,
AS209413,DEDIK-CH,DEDIKIO-MNT,17,2,25,low,repeated_attacks_ge_10;repeated_attacks_ge_5,0,0,False,False,,
AS209702,SOLDATOV-AS,SOLDATOV ALEXEY VALEREVICH,17,2,25,low,repeated_attacks_ge_10;repeated_attacks_ge_5,0,0,False,False,,
AS37049,,,17,2,25,low,repeated_attacks_ge_10,0,0,False,False,,
AS4809,,,17,2,25,low,repeated_attacks_ge_10;repeated_attacks_ge_5,0,0,False,False,,
AS9341,,,17,2,25,low,repeated_attacks_ge_10;repeated_attacks_ge_5,0,0,False,False,,
AS198616,,,17,1,25,low,repeated_attacks_ge_10,0,0,False,False,,
AS202105,WafaiNet-AS,Al wafai International For Communication and Information Technology LLC,17,1,25,low,repeated_attacks_ge_10,0,0,False,False,,
AS207847,CloudBlast,cloudblast.io,17,1,25,low,repeated_attacks_ge_10,0,0,False,False,,
AS212337,PatrasBroadband,LamdaHellixNOC-MNT,17,1,25,low,repeated_attacks_ge_10,0,0,False,False,,
AS262145,262145,Cooperativa de Electrificación Rural de San Carlos R.L. (Coopelesca R.L.),17,1,25,low,repeated_attacks_ge_10,0,0,False,False,,
AS262551,,,17,1,25,low,repeated_attacks_ge_10,0,0,False,False,,
AS266848,,,17,1,25,low,repeated_attacks_ge_10,0,0,False,False,,
AS27284,FOURPLEX-ASN,Fourplex Telecom LLC,17,1,25,low,repeated_attacks_ge_10,0,0,False,False,,
AS35530,PROLINE,MNT-PROLINE,17,1,25,low,repeated_attacks_ge_10,0,0,False,False,,
AS62217,,,17,1,25,low,repeated_attacks_ge_10,0,0,False,False,,
AS62651,NETPROTECT-DP,"Strong Technology, LLC.",17,1,25,low,repeated_attacks_ge_10,0,0,False,False,,
AS9335,NTPCL-AS-AP,National Telecom Public Company Limited,17,1,25,low,repeated_attacks_ge_10,0,0,False,False,,
AS3549,,,16,4,25,low,repeated_attacks_ge_10;repeated_attacks_ge_2,0,0,False,False,,
AS44486,SYNLINQ,mnt-synlinq,16,3,25,low,repeated_attacks_ge_10;repeated_attacks_ge_2,0,0,False,False,,
AS28658,,,16,2,25,low,repeated_attacks_ge_10;repeated_attacks_ge_2,0,0,False,False,,
AS9694,,,16,2,25,low,repeated_attacks_ge_10;repeated_attacks_ge_2,0,0,False,False,,
AS13099,AET-AS,AET-MNT,16,1,25,low,repeated_attacks_ge_10,0,0,False,False,,
AS141015,,,16,1,25,low,repeated_attacks_ge_10,0,0,False,False,,
AS149703,,,16,1,25,low,repeated_attacks_ge_10,0,0,False,False,,
AS15964,ORG-IA6-AFRINIC,TONYE Antoine Joseph Junior,16,1,25,low,repeated_attacks_ge_10,0,0,False,False,,
AS16125,CHERRYSERVERS1-AS,Cherry Servers NOC,16,1,25,low,repeated_attacks_ge_10,0,0,False,False,,
AS16223,,,16,1,25,low,repeated_attacks_ge_10,0,0,False,False,,
AS197035,,,16,1,25,low,repeated_attacks_ge_10,0,0,False,False,,
AS197793,GIGABIT-NET,Artem Molchanov,16,1,25,low,repeated_attacks_ge_10,0,0,False,False,,
AS198545,FLEXNETWORK-AS,Clement RIGUIDEL,16,1,25,low,repeated_attacks_ge_10,0,0,False,False,,
AS204170,awasr,Ali Al Harthy,16,1,25,low,repeated_attacks_ge_10,0,0,False,False,,
AS210423,,,16,1,25,low,repeated_attacks_ge_10,0,0,False,False,,
AS213024,StarTelecom,GRINOCAM-MNT,16,1,25,low,repeated_attacks_ge_10,0,0,False,False,,
AS216154,,,16,1,25,low,repeated_attacks_ge_10,0,0,False,False,,
AS262934,,,16,1,25,low,repeated_attacks_ge_10,0,0,False,False,,
AS263699,,,16,1,25,low,repeated_attacks_ge_10,0,0,False,False,,
AS266703,,,16,1,25,low,repeated_attacks_ge_10,0,0,False,False,,
AS267916,,,16,1,25,low,repeated_attacks_ge_10,0,0,False,False,,
AS269943,269943,LUQUE FEDERICO GASTON (NEWFIX),16,1,25,low,repeated_attacks_ge_10,0,0,False,False,,
AS270026,270026,"RED SERVITEL, CA",16,1,25,low,repeated_attacks_ge_10,0,0,False,False,,
AS271907,271907,COLNETWORK C.A.,16,1,25,low,repeated_attacks_ge_10,0,0,False,False,,
AS272122,272122,"TELECOMUNICACIONES G-NETWORK, C.A.",16,1,25,low,repeated_attacks_ge_10,0,0,False,False,,
AS273270,273270,RADIOCOMUNICACIONES DE IXMIQUILPAN SA DE CV,16,1,25,low,repeated_attacks_ge_10,0,0,False,False,,
AS274103,,,16,1,25,low,repeated_attacks_ge_10,0,0,False,False,,
AS27979,,,16,1,25,low,repeated_attacks_ge_10,0,0,False,False,,
AS28548,,,16,1,25,low,repeated_attacks_ge_10,0,0,False,False,,
AS3254,,,16,1,25,low,repeated_attacks_ge_10,0,0,False,False,,
AS328482,,,16,1,25,low,repeated_attacks_ge_10,0,0,False,False,,
AS35047,,,16,1,25,low,repeated_attacks_ge_10,0,0,False,False,,
AS35394,,,16,1,25,low,repeated_attacks_ge_10,0,0,False,False,,
AS35800,TV-Optimum-AS,EIN-MNT,16,1,25,low,repeated_attacks_ge_10,0,0,False,False,,
AS36974,,,16,1,25,low,repeated_attacks_ge_10,0,0,False,False,,
AS39315,,,16,1,25,low,repeated_attacks_ge_10,0,0,False,False,,
AS39431,ARGOCOM-AS,Andriy Bortey,16,1,25,low,repeated_attacks_ge_10,0,0,False,False,,
AS53088,ASN53088,FORNET COMUNICACOES LTDA,16,1,25,low,repeated_attacks_ge_10,0,0,False,False,,
AS59623,,,16,1,25,low,repeated_attacks_ge_10,0,0,False,False,,
AS59847,,,16,1,25,low,repeated_attacks_ge_10,0,0,False,False,,
AS9617,,,16,1,25,low,repeated_attacks_ge_10,0,0,False,False,,
AS216312,,,15,2,25,low,repeated_attacks_ge_10;repeated_attacks_ge_5,0,0,False,False,,
AS24186,,,15,2,25,low,repeated_attacks_ge_10;repeated_attacks_ge_2,0,0,False,False,,
AS265981,ASN265981,Linknet Telecomunicações LTDA,15,2,25,low,repeated_attacks_ge_10;repeated_attacks_ge_5,0,0,False,False,,
AS268605,ASN268605,SRG TELECOM LTDA,15,2,25,low,repeated_attacks_ge_10;repeated_attacks_ge_2,0,0,False,False,,
AS12874,FASTWEB,FASTWEB-MNT,15,1,25,low,repeated_attacks_ge_10,0,0,False,False,,
AS134294,RPWORLDTELECOM-AS,IRT-RPWORLDTELECOM-IN,15,1,25,low,repeated_attacks_ge_10,0,0,False,False,,
AS138886,DBN-AS-ID,Reza Ronny Hermawan,15,1,25,low,repeated_attacks_ge_10,0,0,False,False,,
AS139659,LUCID-AS-AP,IRT-LUCID-HK,15,1,25,low,repeated_attacks_ge_10,0,0,False,False,,
AS205090,,,15,1,25,low,repeated_attacks_ge_10,0,0,False,False,,
AS210457,KYONIX,Kyonix Administrative Department,15,1,25,low,repeated_attacks_ge_10,0,0,False,False,,
AS263766,,,15,1,25,low,repeated_attacks_ge_10,0,0,False,False,,
AS265634,265634,JR INTERCOM S.R.L,15,1,25,low,repeated_attacks_ge_10,0,0,False,False,,
AS266423,ASN266423,CONNECTVY TELECOMUNICACOES LTDA,15,1,25,low,repeated_attacks_ge_10,0,0,False,False,,
AS272038,272038,VASCONI IVAN GONZALO (CONTINENTAL INTERNET),15,1,25,low,repeated_attacks_ge_10,0,0,False,False,,
AS52180,,,15,1,25,low,repeated_attacks_ge_10,0,0,False,False,,
AS58689,ICCNET-DHK-BD,ICC COMMUNICATION - Network Administrator,15,1,25,low,repeated_attacks_ge_10,0,0,False,False,,
AS6364,ATLANTIC-NET-1,"Atlantic.net, Inc.",15,1,25,low,repeated_attacks_ge_10,0,0,False,False,,
AS199739,,,14,3,25,low,repeated_attacks_ge_10;repeated_attacks_ge_2,0,0,False,False,,
AS202254,LDL,BARIS KIZILDERE,14,2,25,low,repeated_attacks_ge_10,0,0,False,False,,
AS131706,,,14,1,25,low,repeated_attacks_ge_10,0,0,False,False,,
AS135226,,,14,1,25,low,repeated_attacks_ge_10,0,0,False,False,,
AS135268,ASBPL-AS,manager admin,14,1,25,low,repeated_attacks_ge_10,0,0,False,False,,
AS135346,,,14,1,25,low,repeated_attacks_ge_10,0,0,False,False,,
AS140197,NCSPL-AS,IRT-NCSPL-IN,14,1,25,low,repeated_attacks_ge_10,0,0,False,False,,
AS20626,,,14,1,25,low,repeated_attacks_ge_10,0,0,False,False,,
AS264754,264754,SWISSNET S.R.L.,14,1,25,low,repeated_attacks_ge_10,0,0,False,False,,
AS272035,272035,QUINTAS.NET S.R.L,14,1,25,low,repeated_attacks_ge_10,0,0,False,False,,
AS328583,ORG-CTC2-AFRINIC,Werner Stoffberg,14,1,25,low,repeated_attacks_ge_10,0,0,False,False,,
AS52765,ASN52765,MAXXNET TELECOM,14,1,25,low,repeated_attacks_ge_10,0,0,False,False,,
AS64286,LOGICWEB,LogicWeb Inc.,14,1,25,low,repeated_attacks_ge_10,0,0,False,False,,
AS7482,,,14,1,25,low,repeated_attacks_ge_10,0,0,False,False,,
AS211138,PRIVATEHOSTING-NET,Abuse contact role object,13,2,25,low,repeated_attacks_ge_10;repeated_attacks_ge_2,0,0,False,False,,
AS136384,,,13,1,25,low,repeated_attacks_ge_10,0,0,False,False,,
AS200729,,,13,1,25,low,repeated_attacks_ge_10,0,0,False,False,,
AS20294,,,13,1,25,low,repeated_attacks_ge_10,0,0,False,False,,
AS210924,SSDNetworks,mnt-uk-ssdnetworks1-1,13,1,25,low,repeated_attacks_ge_10,0,0,False,False,,
AS212221,RO-EFX-AS,FX-SOFT-MNT,13,1,25,low,repeated_attacks_ge_10,0,0,False,False,,
AS212317,,,13,1,25,low,repeated_attacks_ge_10,0,0,False,False,,
AS263582,,,13,1,25,low,repeated_attacks_ge_10,0,0,False,False,,
AS265810,265810,COOPERATIVA DE SERVICIOS PUBLICOS ALTOS DE CHIPION LTDA,13,1,25,low,repeated_attacks_ge_10,0,0,False,False,,
AS266539,,,13,1,25,low,repeated_attacks_ge_10,0,0,False,False,,
AS270021,,,13,1,25,low,repeated_attacks_ge_10,0,0,False,False,,
AS29436,ASN-IMPERIAL,IMPERIAL-MNT,13,1,25,low,repeated_attacks_ge_10,0,0,False,False,,
AS41034,IMPULS-AS,IMPULS-RIPE-MNT,13,1,25,low,repeated_attacks_ge_10,0,0,False,False,,
AS43661,QIPCONNECT,Vladislav Klimanskiy,13,1,25,low,repeated_attacks_ge_10,0,0,False,False,,
AS44061,,,13,1,25,low,repeated_attacks_ge_10,0,0,False,False,,
AS47898,,,13,1,25,low,repeated_attacks_ge_10,0,0,False,False,,
AS50340,,,13,1,25,low,repeated_attacks_ge_10,0,0,False,False,,
AS52263,,,13,1,25,low,repeated_attacks_ge_10,0,0,False,False,,
AS7377,UCSD,"University of California, San Diego",13,1,25,low,repeated_attacks_ge_10,0,0,False,False,,
AS2497,IIJ,Japan Network Information Center,12,2,25,low,repeated_attacks_ge_10;repeated_attacks_ge_2,0,0,False,False,,
AS262587,,,12,2,25,low,repeated_attacks_ge_10,0,0,False,False,,
AS132497,,,12,1,25,low,repeated_attacks_ge_10,0,0,False,False,,
AS139967,YAMNET-AS-ID,IRT-YAMNET-ID,12,1,25,low,repeated_attacks_ge_10,0,0,False,False,,
AS153884,UMMAHHOST-AS-AP,UMMAH HOST administrator,12,1,25,low,repeated_attacks_ge_10,0,0,False,False,,
AS1659,ERX-TANET-ASN1,TANET ADMIN,12,1,25,low,repeated_attacks_ge_10,0,0,False,False,,
AS1916,ASN1916,Rede Nacional de Ensino e Pesquisa,12,1,25,low,repeated_attacks_ge_10,0,0,False,False,,
AS21299,KAR-TEL-AS,Artyom Pilipenko,12,1,25,low,repeated_attacks_ge_10,0,0,False,False,,
AS24863,,,12,1,25,low,repeated_attacks_ge_10,0,0,False,False,,
AS25099,,,12,1,25,low,repeated_attacks_ge_10,0,0,False,False,,
AS262545,ASN262545,CLARANET TECHNOLOGY S.A.,12,1,25,low,repeated_attacks_ge_10,0,0,False,False,,
AS27176,DATAWAGON,DataWagon LLC,12,1,25,low,repeated_attacks_ge_10,0,0,False,False,,
AS35876,,,12,1,25,low,repeated_attacks_ge_10,0,0,False,False,,
AS36865,,,12,1,25,low,repeated_attacks_ge_10,0,0,False,False,,
AS395965,,,12,1,25,low,repeated_attacks_ge_10,0,0,False,False,,
AS4181,TDS-AS,TDS TELECOM,12,1,25,low,repeated_attacks_ge_10,0,0,False,False,,
AS52974,ASN52974,Henet Telecomunicacoes Ltda,12,1,25,low,repeated_attacks_ge_10,0,0,False,False,,
AS131429,MOBIFONE-AS-VN,Vu Dinh Long,11,1,25,low,repeated_attacks_ge_10,0,0,False,False,,
AS132167,,,11,1,25,low,repeated_attacks_ge_10,0,0,False,False,,
AS134763,CT-DongGuan-IDC,Chinanet Hostmaster,11,1,25,low,repeated_attacks_ge_10,0,0,False,False,,
AS201106,SPARTANHOST,NOC,11,1,25,low,repeated_attacks_ge_10,0,0,False,False,,
AS209693,OC-NETWORK,CENTHOST-MNT,11,1,25,low,repeated_attacks_ge_10,0,0,False,False,,
AS209855,,,11,1,25,low,repeated_attacks_ge_10,0,0,False,False,,
AS24323,,,11,1,25,low,repeated_attacks_ge_10,0,0,False,False,,
AS264897,ASN264897,SKYMAX TELECOMUNICAÇÕES LTDA ME,11,1,25,low,repeated_attacks_ge_10,0,0,False,False,,
AS265903,ASN265903,CYBER TELECOM LTDA,11,1,25,low,repeated_attacks_ge_10,0,0,False,False,,
AS31213,MF-NWGSM-AS,MEGAFON-GNOC-MNT,11,1,25,low,repeated_attacks_ge_10,0,0,False,False,,
AS328867,,,11,1,25,low,repeated_attacks_ge_10,0,0,False,False,,
AS37608,,,11,1,25,low,repeated_attacks_ge_10,0,0,False,False,,
AS58563,CHINATELECOM-Hubei-IDC,Chinanet Hostmaster,11,1,25,low,repeated_attacks_ge_10,0,0,False,False,,
AS12334,,,10,1,25,low,repeated_attacks_ge_10,0,0,False,False,,
AS140320,CHINATELECOM-GUANGDONG-SHANWEI-5G-NETWORK,Chinanet Hostmaster,10,1,25,low,repeated_attacks_ge_10,0,0,False,False,,
AS18126,CTCX,IRT-JPNIC-JP,10,1,25,low,repeated_attacks_ge_10,0,0,False,False,,
AS202710,abnet,lir-al-abnet1-1-MNT,10,1,25,low,repeated_attacks_ge_10,0,0,False,False,,
AS207604,,,10,1,25,low,repeated_attacks_ge_10,0,0,False,False,,
AS210218,OpenFiber-Italy,Giampietro Di Pasquale,10,1,25,low,repeated_attacks_ge_10,0,0,False,False,,
AS216014,,,10,1,25,low,repeated_attacks_ge_10,0,0,False,False,,
AS25513,,,10,1,25,low,repeated_attacks_ge_10,0,0,False,False,,
AS265087,,,10,1,25,low,repeated_attacks_ge_10,0,0,False,False,,
AS266832,266832,CONEXIONES TECNOLOGICAS Y COMUNICACION S.A.S.,10,1,25,low,repeated_attacks_ge_10,0,0,False,False,,
AS267503,ASN267503,RCM BRASIL MULTIMIDIA LTDA,10,1,25,low,repeated_attacks_ge_10,0,0,False,False,,
AS269137,,,10,1,25,low,repeated_attacks_ge_10,0,0,False,False,,
AS269246,ASN269246,VCONNECT TELECOM LTDA ME,10,1,25,low,repeated_attacks_ge_10,0,0,False,False,,
AS272605,ASN272605,GRUPO ULTRA FIBRA,10,1,25,low,repeated_attacks_ge_10,0,0,False,False,,
AS29124,,,10,1,25,low,repeated_attacks_ge_10,0,0,False,False,,
AS31556,,,10,1,25,low,repeated_attacks_ge_10,0,0,False,False,,
AS327813,,,10,1,25,low,repeated_attacks_ge_10,0,0,False,False,,
AS328961,,,10,1,25,low,repeated_attacks_ge_10,0,0,False,False,,
AS38673,KCTVNET-AS-KR-KR,AS Manager,10,1,25,low,repeated_attacks_ge_10,0,0,False,False,,
AS39287,,,10,1,25,low,repeated_attacks_ge_10,0,0,False,False,,
AS395092,,,10,1,25,low,repeated_attacks_ge_10,0,0,False,False,,
AS42675,,,10,1,25,low,repeated_attacks_ge_10,0,0,False,False,,
AS42772,,,10,1,25,low,repeated_attacks_ge_10,0,0,False,False,,
AS4515,,,10,1,25,low,repeated_attacks_ge_10,0,0,False,False,,
AS50670,,,10,1,25,low,repeated_attacks_ge_10,0,0,False,False,,
AS5413,,,10,1,25,low,repeated_attacks_ge_10,0,0,False,False,,
AS56639,LNET-COM-UA-AS,Lnet.com.ua NOC,10,1,25,low,repeated_attacks_ge_10,0,0,False,False,,
AS57534,ASAHMEDOV,Ahmedov Alil,10,1,25,low,repeated_attacks_ge_10,0,0,False,False,,
AS6855,SK-TELEKOM,"Slovak Telekom, a.s.",10,1,25,low,repeated_attacks_ge_10,0,0,False,False,,
AS8953,,,10,1,25,low,repeated_attacks_ge_10,0,0,False,False,,
AS17622,,,76,24,20,low,repeated_attacks_ge_2;repeated_attacks_ge_5,0,0,False,False,,
AS4685,ASAHI-NET,Japan Network Information Center,48,14,20,low,repeated_attacks_ge_2;repeated_attacks_ge_5,0,0,False,False,,
AS34984,TELLCOM-AS,MNT-TELLCOM,44,7,20,low,repeated_attacks_ge_2;repeated_attacks_ge_5,0,0,False,False,,
AS56047,CMNET-Hunan-AP,haijun li,42,8,20,low,repeated_attacks_ge_2;repeated_attacks_ge_5,0,0,False,False,,
AS59668,ATURON,Turon Media XK,42,8,20,low,repeated_attacks_ge_2;repeated_attacks_ge_5,0,0,False,False,,
AS15895,KSNET-AS,Kyivstar PJSC,38,6,20,low,repeated_attacks_ge_5,0,0,False,False,,
AS31200,,,35,7,20,low,repeated_attacks_ge_2;repeated_attacks_ge_5,0,0,False,False,,
AS24812,ASHOMENET,HOMENETPOLTAVA-MNT,30,5,20,low,repeated_attacks_ge_5,0,0,False,False,,
AS139881,BDMINTERNET-AS-AP,IRT-BDMINTERNET-BD,30,4,20,low,repeated_attacks_ge_5,0,0,False,False,,
AS213230,HETZNER-CLOUD2-AS,Hetzner Online GmbH - Contact Role,28,6,20,low,repeated_attacks_ge_2;repeated_attacks_ge_5,0,0,False,False,,
AS274945,274945,MAX TV S A S,28,4,20,low,repeated_attacks_ge_5,0,0,False,False,,
AS150924,HEPRA-AS-ID,IRT-HEPRA-ID,27,5,20,low,repeated_attacks_ge_2;repeated_attacks_ge_5,0,0,False,False,,
AS41820,,,27,5,20,low,repeated_attacks_ge_2;repeated_attacks_ge_5,0,0,False,False,,
AS61163,tv,Administrators,27,4,20,low,repeated_attacks_ge_5,0,0,False,False,,
AS17072,,,26,8,20,low,repeated_attacks_ge_2;repeated_attacks_ge_5,0,0,False,False,,
AS17917,,,26,7,20,low,repeated_attacks_ge_2;repeated_attacks_ge_5,0,0,False,False,,
AS51784,X-CITY-AS,"""X-City"" Ltd.",24,4,20,low,repeated_attacks_ge_2;repeated_attacks_ge_5,0,0,False,False,,
AS63859,MYREPUBLIC-AS-ID,Hendra Gunawan,24,4,20,low,repeated_attacks_ge_2;repeated_attacks_ge_5,0,0,False,False,,
AS24173,,,23,4,20,low,repeated_attacks_ge_2;repeated_attacks_ge_5,0,0,False,False,,
AS8402,,,23,4,20,low,repeated_attacks_ge_2;repeated_attacks_ge_5,0,0,False,False,,
AS26615,ASN26615,TIM S/A,22,5,20,low,repeated_attacks_ge_2;repeated_attacks_ge_5,0,0,False,False,,
AS28812,JSCBIS-AS,Oleg R. Delmukhametov,22,5,20,low,repeated_attacks_ge_2;repeated_attacks_ge_5,0,0,False,False,,
AS16232,ASN-TIM,Engineering Staff TIM,21,4,20,low,repeated_attacks_ge_5,0,0,False,False,,
AS42014,Chumachenko,AS3255-MNT,21,3,20,low,repeated_attacks_ge_5,0,0,False,False,,
AS265592,265592,KBLEX SA DE CV,20,4,20,low,repeated_attacks_ge_5,0,0,False,False,,
AS43764,SEVLUSH-AS,Omelyan Belanynets,20,4,20,low,repeated_attacks_ge_5,0,0,False,False,,
AS49125,Uteam-as,Ivan Gural,20,3,20,low,repeated_attacks_ge_5,0,0,False,False,,
AS49827,,,20,3,20,low,repeated_attacks_ge_5,0,0,False,False,,
AS150436,,,19,3,20,low,repeated_attacks_ge_2;repeated_attacks_ge_5,0,0,False,False,,
AS15704,,,18,4,20,low,repeated_attacks_ge_2;repeated_attacks_ge_5,0,0,False,False,,
AS198356,ASSKYNETUA,Evgeniy Kondratyk,18,4,20,low,repeated_attacks_ge_2;repeated_attacks_ge_5,0,0,False,False,,
AS49824,ACTPA-AS,Iurii Zhovnir,18,4,20,low,repeated_attacks_ge_2;repeated_attacks_ge_5,0,0,False,False,,
AS200446,,,18,3,20,low,repeated_attacks_ge_2;repeated_attacks_ge_5,0,0,False,False,,
AS28220,ASN28220,Alares Cabo Servicos de Telecomunicacoes S.A.,17,6,20,low,repeated_attacks_ge_5,0,0,False,False,,
AS36866,ORG-JTL1-AFRINIC,Jamii Telecommunications Limited,17,4,20,low,repeated_attacks_ge_2;repeated_attacks_ge_5,0,0,False,False,,
AS199995,OT-AS,OMEGAT-MNT,17,3,20,low,repeated_attacks_ge_5,0,0,False,False,,
AS25133,,,17,3,20,low,repeated_attacks_ge_5,0,0,False,False,,
AS269822,269822,COLOMBIA MAS TV S.A.S,17,3,20,low,repeated_attacks_ge_2;repeated_attacks_ge_5,0,0,False,False,,
AS56042,,,17,3,20,low,repeated_attacks_ge_5,0,0,False,False,,
AS138759,NETMAX-IN,IRT-IN-NETMAX,17,2,20,low,repeated_attacks_ge_5,0,0,False,False,,
AS56040,CMNET-GuangDong-AP,IRT-CHINAMOBILE-CN,16,4,20,low,repeated_attacks_ge_2;repeated_attacks_ge_5,0,0,False,False,,
AS202520,skypass-as,SkyPass Solutions Sp. z.o.o.,16,3,20,low,repeated_attacks_ge_2;repeated_attacks_ge_5,0,0,False,False,,
AS213887,WAICORE-LTD,NOC,16,3,20,low,repeated_attacks_ge_2;repeated_attacks_ge_5,0,0,False,False,,
AS136442,OCEANWAVE-AS-AP,IRT-OCEANWAVE-MM,16,2,20,low,repeated_attacks_ge_5,0,0,False,False,,
AS210421,,,16,2,20,low,repeated_attacks_ge_5,0,0,False,False,,
AS267714,267714,DAF S. R. L.,16,2,20,low,repeated_attacks_ge_5,0,0,False,False,,
AS2514,,,15,4,20,low,repeated_attacks_ge_2;repeated_attacks_ge_5,0,0,False,False,,
AS28649,ASN28649,Desktop Sigmanet Comunicação Multimídia SA,15,4,20,low,repeated_attacks_ge_2;repeated_attacks_ge_5,0,0,False,False,,
AS140319,,,15,3,20,low,repeated_attacks_ge_5,0,0,False,False,,
AS201002,PebbleHost-Customers,lir-uk-pebblehost-1-MNT,15,3,20,low,repeated_attacks_ge_2;repeated_attacks_ge_5,0,0,False,False,,
AS203003,,,15,3,20,low,repeated_attacks_ge_2;repeated_attacks_ge_5,0,0,False,False,,
AS23944,SKYBB-AS-AP,Sky Cable Corporation,15,3,20,low,repeated_attacks_ge_5,0,0,False,False,,
AS3484,,,15,3,20,low,repeated_attacks_ge_5,0,0,False,False,,
AS37457,ORG-TSL2-AFRINIC,Telkom SA Ltd.,15,3,20,low,repeated_attacks_ge_2;repeated_attacks_ge_5,0,0,False,False,,
AS9381,HKBNES-AS-AP,HKBN Hostmaster,15,3,20,low,repeated_attacks_ge_2;repeated_attacks_ge_5,0,0,False,False,,
AS203451,,,15,2,20,low,repeated_attacks_ge_5,0,0,False,False,,
AS48323,NEIRONSYSTEMS-NET,Dudnik Liliya,15,2,20,low,repeated_attacks_ge_5,0,0,False,False,,
AS35297,DATALINE-AS,Andrii Shevchuk,14,4,20,low,repeated_attacks_ge_2;repeated_attacks_ge_5,0,0,False,False,,
AS38623,,,14,4,20,low,repeated_attacks_ge_2;repeated_attacks_ge_5,0,0,False,False,,
AS211250,,,14,3,20,low,repeated_attacks_ge_2;repeated_attacks_ge_5,0,0,False,False,,
AS41244,,,14,3,20,low,repeated_attacks_ge_2;repeated_attacks_ge_5,0,0,False,False,,
AS56048,CMNET-BEIJING-AP,Jinxia Sun,14,3,20,low,repeated_attacks_ge_2;repeated_attacks_ge_5,0,0,False,False,,
AS7562,,,14,3,20,low,repeated_attacks_ge_2;repeated_attacks_ge_5,0,0,False,False,,
AS9260,,,14,3,20,low,repeated_attacks_ge_2;repeated_attacks_ge_5,0,0,False,False,,
AS12297,,,14,2,20,low,repeated_attacks_ge_5,0,0,False,False,,
AS262907,ASN262907,BRASIL TECPAR | AMIGO | AVATO,14,2,20,low,repeated_attacks_ge_5,0,0,False,False,,
AS268188,ASN268188,ATIVA TELECOM LTDA,13,4,20,low,repeated_attacks_ge_2;repeated_attacks_ge_5,0,0,False,False,,
AS12849,,,13,3,20,low,repeated_attacks_ge_2;repeated_attacks_ge_5,0,0,False,False,,
AS131596,,,13,3,20,low,repeated_attacks_ge_2;repeated_attacks_ge_5,0,0,False,False,,
AS16735,ASN16735,ALGAR TELECOM S/A,13,2,20,low,repeated_attacks_ge_5,0,0,False,False,,
AS272090,272090,ALDERETE RIVAS JORDAN TOMAS SEBASTIAN (COMUNICATE INTERNET),13,2,20,low,repeated_attacks_ge_5,0,0,False,False,,
AS27738,27738,Ecuadortelecom S.A.,13,2,20,low,repeated_attacks_ge_5,0,0,False,False,,
AS28209,ASN28209,Under Servicos de Internet Ltda,13,2,20,low,repeated_attacks_ge_5,0,0,False,False,,
AS29695,Altibox_AS,LYSE-MNT,13,2,20,low,repeated_attacks_ge_5,0,0,False,False,,
AS37053,,,13,2,20,low,repeated_attacks_ge_5,0,0,False,False,,
AS43258,CSO,Andry Sobol,13,2,20,low,repeated_attacks_ge_5,0,0,False,False,,
AS45458,,,13,2,20,low,repeated_attacks_ge_5,0,0,False,False,,
AS53062,ASN53062,GGNET TELECOMUNICACOES LTDA,13,2,20,low,repeated_attacks_ge_5,0,0,False,False,,
AS9891,CSLOX-IDC-AS-AP,IRT-CSLOXINFO-TH,13,2,20,low,repeated_attacks_ge_2;repeated_attacks_ge_5,0,0,False,False,,
AS17676,,,12,3,20,low,repeated_attacks_ge_2;repeated_attacks_ge_5,0,0,False,False,,
AS202538,ATV-PLUS,Bulat Oleksandr,12,3,20,low,repeated_attacks_ge_2;repeated_attacks_ge_5,0,0,False,False,,
AS152605,ZCOMNETWORKS-AS-AP,IRT-ZCOMNETWORKS-PK,12,2,20,low,repeated_attacks_ge_5,0,0,False,False,,
AS16342,TOYA,Toya sp.z.o.o,12,2,20,low,repeated_attacks_ge_5,0,0,False,False,,
AS17552,TRUEONLINE-AS-AP,TRUE INTERNET CORPORATION CO. LTD.,12,2,20,low,repeated_attacks_ge_5,0,0,False,False,,
AS24921,,,12,2,20,low,repeated_attacks_ge_2;repeated_attacks_ge_5,0,0,False,False,,
AS35444,DigicomAlbania-AS,Markel Stefo,12,2,20,low,repeated_attacks_ge_5,0,0,False,False,,
AS44267,,,12,2,20,low,repeated_attacks_ge_2;repeated_attacks_ge_5,0,0,False,False,,
AS48078,DAGOMYS-AS,AZ2566-MNT,12,2,20,low,repeated_attacks_ge_5,0,0,False,False,,
AS48437,MEREZHA-UA-AS,Merezha administative contact,12,2,20,low,repeated_attacks_ge_5,0,0,False,False,,
AS132883,,,11,3,20,low,repeated_attacks_ge_2;repeated_attacks_ge_5,0,0,False,False,,
AS17809,,,11,3,20,low,repeated_attacks_ge_5,0,0,False,False,,
AS11260,,,11,2,20,low,repeated_attacks_ge_2;repeated_attacks_ge_5,0,0,False,False,,
AS15851,,,11,2,20,low,repeated_attacks_ge_5,0,0,False,False,,
AS211291,Tulun-TeleCom-AS,Ashheulov Nikolaj Olegovich,11,2,20,low,repeated_attacks_ge_2;repeated_attacks_ge_5,0,0,False,False,,
AS262288,,,11,2,20,low,repeated_attacks_ge_5,0,0,False,False,,
AS265816,,,11,2,20,low,repeated_attacks_ge_5,0,0,False,False,,
AS266181,ASN266181,GOLDEN LINK,11,2,20,low,repeated_attacks_ge_2;repeated_attacks_ge_5,0,0,False,False,,
AS31257,,,11,2,20,low,repeated_attacks_ge_2;repeated_attacks_ge_5,0,0,False,False,,
AS3212,,,11,2,20,low,repeated_attacks_ge_2;repeated_attacks_ge_5,0,0,False,False,,
AS4618,,,11,2,20,low,repeated_attacks_ge_5,0,0,False,False,,
AS55685,,,11,2,20,low,repeated_attacks_ge_5,0,0,False,False,,
AS48753,AVAHOHST,mnt-md-alexhost-1,10,3,20,low,repeated_attacks_ge_2;repeated_attacks_ge_5,0,0,False,False,,
AS7545,TPG-INTERNET-AP,TPG Hostmaster,10,3,20,low,repeated_attacks_ge_2;repeated_attacks_ge_5,0,0,False,False,,
AS18182,,,10,2,20,low,repeated_attacks_ge_5,0,0,False,False,,
AS18747,IFX18747,IFX Corporation,10,2,20,low,repeated_attacks_ge_5,0,0,False,False,,
AS19281,QUAD9-AS-1,Quad9,10,2,20,low,repeated_attacks_ge_5,0,0,False,False,,
AS199625,AS_NETCOM,lir-ge-netcom1-1-MNT,10,2,20,low,repeated_attacks_ge_2;repeated_attacks_ge_5,0,0,False,False,,
AS200814,,,10,2,20,low,repeated_attacks_ge_5,0,0,False,False,,
AS211356,mytvalb,CEO,10,2,20,low,repeated_attacks_ge_5,0,0,False,False,,
AS263236,263236,Itelsa,10,2,20,low,repeated_attacks_ge_5,0,0,False,False,,
AS263767,,,10,2,20,low,repeated_attacks_ge_5,0,0,False,False,,
AS264902,,,10,2,20,low,repeated_attacks_ge_5,0,0,False,False,,
AS34369,AS-SHATELMOBILE,Mohammad Hasan Shanehsazzadeh,10,2,20,low,repeated_attacks_ge_5,0,0,False,False,,
AS42489,,,10,2,20,low,repeated_attacks_ge_2;repeated_attacks_ge_5,0,0,False,False,,
AS45609,BHARTI-MOBILITY-AS-AP,Rashim Kapoor,10,2,20,low,repeated_attacks_ge_5,0,0,False,False,,
AS50012,,,10,2,20,low,repeated_attacks_ge_2;repeated_attacks_ge_5,0,0,False,False,,
AS55577,,,10,2,20,low,repeated_attacks_ge_5,0,0,False,False,,
AS57250,RU-NET-AS,MNT-RU-NET,10,2,20,low,repeated_attacks_ge_5,0,0,False,False,,
AS9231,,,10,2,20,low,repeated_attacks_ge_5,0,0,False,False,,
AS10834,,,9,3,20,low,repeated_attacks_ge_2;repeated_attacks_ge_5,0,0,False,False,,
AS16629,16629,CTC. CORP S.A. (TELEFONICA EMPRESAS),9,3,20,low,repeated_attacks_ge_2;repeated_attacks_ge_5,0,0,False,False,,
AS17506,,,9,3,20,low,repeated_attacks_ge_2;repeated_attacks_ge_5,0,0,False,False,,
AS24955,UBN-AS,"JSC ""Ufanet""",9,3,20,low,repeated_attacks_ge_2;repeated_attacks_ge_5,0,0,False,False,,
AS9845,,,9,3,20,low,repeated_attacks_ge_2;repeated_attacks_ge_5,0,0,False,False,,
AS136696,,,9,2,20,low,repeated_attacks_ge_2;repeated_attacks_ge_5,0,0,False,False,,
AS15774,TTK-RTL,"Limited Liability Company ""TTK-Svyaz""",9,2,20,low,repeated_attacks_ge_2;repeated_attacks_ge_5,0,0,False,False,,
AS206385,,,9,2,20,low,repeated_attacks_ge_2;repeated_attacks_ge_5,0,0,False,False,,
AS214961,,,9,2,20,low,repeated_attacks_ge_2;repeated_attacks_ge_5,0,0,False,False,,
AS263411,,,9,2,20,low,repeated_attacks_ge_2;repeated_attacks_ge_5,0,0,False,False,,
AS267618,ASN267618,I9-NETCEL TELECOMUNICACOES LTDA,9,2,20,low,repeated_attacks_ge_2;repeated_attacks_ge_5,0,0,False,False,,
AS269211,ASN269211,MUND NET TELECOMUNICAÇÕES LTDA ME,9,2,20,low,repeated_attacks_ge_2;repeated_attacks_ge_5,0,0,False,False,,
AS270814,,,9,2,20,low,repeated_attacks_ge_2;repeated_attacks_ge_5,0,0,False,False,,
AS270885,,,9,2,20,low,repeated_attacks_ge_2;repeated_attacks_ge_5,0,0,False,False,,
AS35586,VOM,Datsyshyn Valentin,9,2,20,low,repeated_attacks_ge_2;repeated_attacks_ge_5,0,0,False,False,,
AS44391,,,9,2,20,low,repeated_attacks_ge_2;repeated_attacks_ge_5,0,0,False,False,,
AS47165,,,9,2,20,low,repeated_attacks_ge_2;repeated_attacks_ge_5,0,0,False,False,,
AS53065,ASN53065,Opcao Telecom,9,2,20,low,repeated_attacks_ge_5,0,0,False,False,,
AS8400,TELEKOM-AS,AS8400-MNT,9,2,20,low,repeated_attacks_ge_2;repeated_attacks_ge_5,0,0,False,False,,
AS9905,LINKNET-ID-AP,IRT-IDNIC-ID,9,2,20,low,repeated_attacks_ge_2;repeated_attacks_ge_5,0,0,False,False,,
AS1103,,,9,1,20,low,repeated_attacks_ge_5,0,0,False,False,,
AS216151,NETSHOP-ISP,Stefano Sordini,9,1,20,low,repeated_attacks_ge_5,0,0,False,False,,
AS262784,,,9,1,20,low,repeated_attacks_ge_5,0,0,False,False,,
AS267296,,,9,1,20,low,repeated_attacks_ge_5,0,0,False,False,,
AS270560,ASN270560,Fort line serviços de telecomunicações Ltda,9,1,20,low,repeated_attacks_ge_5,0,0,False,False,,
AS328436,ORG-MCAN1-AFRINIC,Flashnet Technologies Limited,9,1,20,low,repeated_attacks_ge_5,0,0,False,False,,
AS39486,HOSTROYALE,in-hostroyale-1-mnt,9,1,20,low,repeated_attacks_ge_5,0,0,False,False,,
AS46606,,,9,1,20,low,repeated_attacks_ge_5,0,0,False,False,,
AS52573,ASN52573,Une Telecom Ltda,9,1,20,low,repeated_attacks_ge_5,0,0,False,False,,
AS52711,ASN52711,FASTNET TELECOM,9,1,20,low,repeated_attacks_ge_5,0,0,False,False,,
AS52917,,,9,1,20,low,repeated_attacks_ge_5,0,0,False,False,,
AS8342,RTCOMM-AS,AS8342-MNT,9,1,20,low,repeated_attacks_ge_5,0,0,False,False,,
AS979,NETLAB-SDN,NetLab Global,9,1,20,low,repeated_attacks_ge_5,0,0,False,False,,
AS57043,,,8,3,20,low,repeated_attacks_ge_2;repeated_attacks_ge_5,0,0,False,False,,
AS199058,SERVAONE,GRFL-MNT,8,2,20,low,repeated_attacks_ge_2;repeated_attacks_ge_5,0,0,False,False,,
AS268245,ASN268245,AMIGALINK COMUNICACOES LTDA - ME,8,2,20,low,repeated_attacks_ge_2;repeated_attacks_ge_5,0,0,False,False,,
AS55803,HOSTOPIA-AU,Hostopia Australia Web Pty Ltd,8,2,20,low,repeated_attacks_ge_2;repeated_attacks_ge_5,0,0,False,False,,
AS9141,AS9141,P4 Sp. z o.o.,8,2,20,low,repeated_attacks_ge_2;repeated_attacks_ge_5,0,0,False,False,,
AS9770,SPEEDONSTV-AS-KR-KR,AS Manager,8,2,20,low,repeated_attacks_ge_2;repeated_attacks_ge_5,0,0,False,False,,
AS12688,BAIKALTRANSTELECOM,GIS KTTK Sibir,8,1,20,low,repeated_attacks_ge_5,0,0,False,False,,
AS132386,USMANISP-AS-AP,Usman Internet Service Provider Private Limited ad,8,1,20,low,repeated_attacks_ge_5,0,0,False,False,,
AS138115,,,8,1,20,low,repeated_attacks_ge_5,0,0,False,False,,
AS139220,CHINANET-Sichuan-Chuanxi-IDC,Chinanet Hostmaster,8,1,20,low,repeated_attacks_ge_5,0,0,False,False,,
AS140006,IDNIC-RSKARIADI-AS-ID,IRT-RSKARIADI-ID,8,1,20,low,repeated_attacks_ge_5,0,0,False,False,,
AS16285,ASN-UMN,Joint Stock Company TransTeleCom,8,1,20,low,repeated_attacks_ge_5,0,0,False,False,,
AS19373,19373,Triara.com S.A. de C.V.,8,1,20,low,repeated_attacks_ge_5,0,0,False,False,,
AS198757,,,8,1,20,low,repeated_attacks_ge_5,0,0,False,False,,
AS199730,MSTELECOM-AS,Kirill Shmakov,8,1,20,low,repeated_attacks_ge_5,0,0,False,False,,
AS209657,APELSIN-AS,MNT-APELSIN,8,1,20,low,repeated_attacks_ge_5,0,0,False,False,,
AS212641,INCOM,IncomNet-NOC,8,1,20,low,repeated_attacks_ge_5,0,0,False,False,,
AS21351,CANALPLUSTELECOM,CPLUSTELECOM-ADMIN-MNT,8,1,20,low,repeated_attacks_ge_5,0,0,False,False,,
AS24685,DOMONET,NOC,8,1,20,low,repeated_attacks_ge_5,0,0,False,False,,
AS262374,,,8,1,20,low,repeated_attacks_ge_5,0,0,False,False,,
AS263077,ASN263077,RazaoInfo Internet Ltda,8,1,20,low,repeated_attacks_ge_5,0,0,False,False,,
AS263631,ASN263631,Via Line,8,1,20,low,repeated_attacks_ge_5,0,0,False,False,,
AS264069,ASN264069,CONECTTIVA TELECOM LTDA.,8,1,20,low,repeated_attacks_ge_5,0,0,False,False,,
AS264732,264732,NETLATIN S.R.L.,8,1,20,low,repeated_attacks_ge_5,0,0,False,False,,
AS266769,,,8,1,20,low,repeated_attacks_ge_5,0,0,False,False,,
AS267328,,,8,1,20,low,repeated_attacks_ge_5,0,0,False,False,,
AS267375,ASN267375,CAJU TELECOM SOLUCOES LTDA,8,1,20,low,repeated_attacks_ge_5,0,0,False,False,,
AS267433,ASN267433,Knet Internet,8,1,20,low,repeated_attacks_ge_5,0,0,False,False,,
AS268314,,,8,1,20,low,repeated_attacks_ge_5,0,0,False,False,,
AS269044,,,8,1,20,low,repeated_attacks_ge_5,0,0,False,False,,
AS269096,,,8,1,20,low,repeated_attacks_ge_5,0,0,False,False,,
AS269348,,,8,1,20,low,repeated_attacks_ge_5,0,0,False,False,,
AS270049,,,8,1,20,low,repeated_attacks_ge_5,0,0,False,False,,
AS270385,ASN270385,CONECTA - PROVEDOR DE INTERNET LTDA.,8,1,20,low,repeated_attacks_ge_5,0,0,False,False,,
AS270795,,,8,1,20,low,repeated_attacks_ge_5,0,0,False,False,,
AS270949,,,8,1,20,low,repeated_attacks_ge_5,0,0,False,False,,
AS272757,ASN272757,INSTATEL SERVICOS ELETRONICOS LTDA,8,1,20,low,repeated_attacks_ge_5,0,0,False,False,,
AS272928,,,8,1,20,low,repeated_attacks_ge_5,0,0,False,False,,
AS273067,,,8,1,20,low,repeated_attacks_ge_5,0,0,False,False,,
AS27773,27773,MILLICOM CABLE EL SALVADOR S.A. DE C.V.,8,1,20,low,repeated_attacks_ge_5,0,0,False,False,,
AS27881,27881,IPNEXT S.A.,8,1,20,low,repeated_attacks_ge_5,0,0,False,False,,
AS29076,CITYTELECOM-AS,CITYTELECOM-RIPE-MNT,8,1,20,low,repeated_attacks_ge_5,0,0,False,False,,
AS34296,,,8,1,20,low,repeated_attacks_ge_5,0,0,False,False,,
AS34661,BREEZE-NETWORK,AS34661-MNT,8,1,20,low,repeated_attacks_ge_5,0,0,False,False,,
AS34757,,,8,1,20,low,repeated_attacks_ge_5,0,0,False,False,,
AS35807,AS-SKYNET-SPB,MNT-SKNT,8,1,20,low,repeated_attacks_ge_5,0,0,False,False,,
AS36236,NETACTUATE,"NetActuate, Inc",8,1,20,low,repeated_attacks_ge_5,0,0,False,False,,
AS37230,ORG-SL76-AFRINIC,Austin Uwudia,8,1,20,low,repeated_attacks_ge_5,0,0,False,False,,
AS37671,,,8,1,20,low,repeated_attacks_ge_5,0,0,False,False,,
AS40995,SIBSET-NKZ-AS,Siberian Networks NOC,8,1,20,low,repeated_attacks_ge_5,0,0,False,False,,
AS41557,TELEKABEL-AS,Ivana Denova,8,1,20,low,repeated_attacks_ge_5,0,0,False,False,,
AS43274,,,8,1,20,low,repeated_attacks_ge_5,0,0,False,False,,
AS44604,KVANT-TELECOM-AS,K-T-MNT,8,1,20,low,repeated_attacks_ge_5,0,0,False,False,,
AS47418,,,8,1,20,low,repeated_attacks_ge_5,0,0,False,False,,
AS47513,SKYLINE-UA-AS,FOP Zubenko Volodimir Oleksandrovich,8,1,20,low,repeated_attacks_ge_5,0,0,False,False,,
AS48302,ATOMLINK-AS,Oleg Potylitsyn,8,1,20,low,repeated_attacks_ge_5,0,0,False,False,,
AS48327,,,8,1,20,low,repeated_attacks_ge_5,0,0,False,False,,
AS48438,CORBINA-AS,Corbina Telecom NOC,8,1,20,low,repeated_attacks_ge_5,0,0,False,False,,
AS50553,,,8,1,20,low,repeated_attacks_ge_5,0,0,False,False,,
AS51812,,,8,1,20,low,repeated_attacks_ge_5,0,0,False,False,,
AS52413,52413,MADACOM SRL,8,1,20,low,repeated_attacks_ge_5,0,0,False,False,,
AS52751,,,8,1,20,low,repeated_attacks_ge_5,0,0,False,False,,
AS52774,,,8,1,20,low,repeated_attacks_ge_5,0,0,False,False,,
AS53075,ASN53075,Holistica Provedor Internet Ltda,8,1,20,low,repeated_attacks_ge_5,0,0,False,False,,
AS53240,,,8,1,20,low,repeated_attacks_ge_5,0,0,False,False,,
AS5523,CREDO-TELECOM,CREDO-TELECOM Network Operations Center,8,1,20,low,repeated_attacks_ge_5,0,0,False,False,,
AS57293,,,8,1,20,low,repeated_attacks_ge_5,0,0,False,False,,
AS57334,,,8,1,20,low,repeated_attacks_ge_5,0,0,False,False,,
AS60095,NN-AS,"JSC ""Ufanet""",8,1,20,low,repeated_attacks_ge_5,0,0,False,False,,
AS61583,,,8,1,20,low,repeated_attacks_ge_5,0,0,False,False,,
AS61904,ASN61904,POLLYNET TELECOM EIRELI,8,1,20,low,repeated_attacks_ge_5,0,0,False,False,,
AS61986,NETZAHID-AS,IFINFOCOM-MNT,8,1,20,low,repeated_attacks_ge_5,0,0,False,False,,
AS64131,64131,GLOBALCONNECT SPA,8,1,20,low,repeated_attacks_ge_5,0,0,False,False,,
AS8847,TTL-AS,ISP TTL,8,1,20,low,repeated_attacks_ge_5,0,0,False,False,,
AS131627,,,7,2,20,low,repeated_attacks_ge_2;repeated_attacks_ge_5,0,0,False,False,,
AS14117,14117,Telefonica del Sur S.A.,7,2,20,low,repeated_attacks_ge_2;repeated_attacks_ge_5,0,0,False,False,,
AS19711,,,7,2,20,low,repeated_attacks_ge_2;repeated_attacks_ge_5,0,0,False,False,,
AS24608,WINDTRE-AS,WINDTRE s.p.a,7,2,20,low,repeated_attacks_ge_2;repeated_attacks_ge_5,0,0,False,False,,
AS265691,265691,WI-NET TELECOM S.A.C.,7,2,20,low,repeated_attacks_ge_2;repeated_attacks_ge_5,0,0,False,False,,
AS56400,,,7,2,20,low,repeated_attacks_ge_2;repeated_attacks_ge_5,0,0,False,False,,
AS9981,SAERONET-AS-KR-KR,AS Manager,7,2,20,low,repeated_attacks_ge_2;repeated_attacks_ge_5,0,0,False,False,,
AS10429,ASN10429,TELEFÔNICA BRASIL S.A,7,1,20,low,repeated_attacks_ge_5,0,0,False,False,,
AS13280,,,7,1,20,low,repeated_attacks_ge_5,0,0,False,False,,
AS135967,BKNS-AS-VN,IRT-VNNIC-AP,7,1,20,low,repeated_attacks_ge_5,0,0,False,False,,
AS149089,CLOUDFLY-VN,IRT-VNNIC-AP,7,1,20,low,repeated_attacks_ge_5,0,0,False,False,,
AS150640,,,7,1,20,low,repeated_attacks_ge_5,0,0,False,False,,
AS154408,,,7,1,20,low,repeated_attacks_ge_5,0,0,False,False,,
AS15796,SALT-CH,Kieran Lismore,7,1,20,low,repeated_attacks_ge_5,0,0,False,False,,
AS16039,KNET,AS16039-MNT,7,1,20,low,repeated_attacks_ge_5,0,0,False,False,,
AS197015,DOMINION-AS,AANTIPOV-MNT,7,1,20,low,repeated_attacks_ge_5,0,0,False,False,,
AS200590,asnls,AP99722-MNT,7,1,20,low,repeated_attacks_ge_5,0,0,False,False,,
AS201147,,,7,1,20,low,repeated_attacks_ge_5,0,0,False,False,,
AS201302,,,7,1,20,low,repeated_attacks_ge_5,0,0,False,False,,
AS204144,,,7,1,20,low,repeated_attacks_ge_5,0,0,False,False,,
AS20598,,,7,1,20,low,repeated_attacks_ge_5,0,0,False,False,,
AS209393,,,7,1,20,low,repeated_attacks_ge_5,0,0,False,False,,
AS21228,Vinasterisk-as,lir-ua-vinasterisk-1-MNT,7,1,20,low,repeated_attacks_ge_5,0,0,False,False,,
AS214210,ELEMENT,LEVEL-MSK-MNT,7,1,20,low,repeated_attacks_ge_5,0,0,False,False,,
AS215633,,,7,1,20,low,repeated_attacks_ge_5,0,0,False,False,,
AS215765,RADIO-LINK-SMART,Oleksii Chernyk,7,1,20,low,repeated_attacks_ge_5,0,0,False,False,,
AS22689,ASN22689,SERCOMTEL S/A TELECOMUNICACOES,7,1,20,low,repeated_attacks_ge_5,0,0,False,False,,
AS25198,ZetServers,NETACTION-MNT,7,1,20,low,repeated_attacks_ge_5,0,0,False,False,,
AS25437,ALCOM-AS,Alexander Osipenko,7,1,20,low,repeated_attacks_ge_5,0,0,False,False,,
AS262311,ASN262311,IMBRANET TELECOM,7,1,20,low,repeated_attacks_ge_5,0,0,False,False,,
AS262517,ASN262517,NIQTURBO PIMENTEL E MOREIRA LTDA,7,1,20,low,repeated_attacks_ge_5,0,0,False,False,,
AS262770,ASN262770,Heliodora Online Ltda,7,1,20,low,repeated_attacks_ge_5,0,0,False,False,,
AS262805,,,7,1,20,low,repeated_attacks_ge_5,0,0,False,False,,
AS262893,ASN262893,P4 TELECOM LTDA,7,1,20,low,repeated_attacks_ge_5,0,0,False,False,,
AS263194,263194,Advantun SRL,7,1,20,low,repeated_attacks_ge_5,0,0,False,False,,
AS263393,,,7,1,20,low,repeated_attacks_ge_5,0,0,False,False,,
AS263573,ASN263573,HYPER NET TELECOMUNICACOES LTDA ME,7,1,20,low,repeated_attacks_ge_5,0,0,False,False,,
AS264562,,,7,1,20,low,repeated_attacks_ge_5,0,0,False,False,,
AS264702,,,7,1,20,low,repeated_attacks_ge_5,0,0,False,False,,
AS265083,,,7,1,20,low,repeated_attacks_ge_5,0,0,False,False,,
AS265359,ASN265359,gotcha net internet provider,7,1,20,low,repeated_attacks_ge_5,0,0,False,False,,
AS266346,ASN266346,G2G NETWORKS SERVICOS DE COMUNICACAO,7,1,20,low,repeated_attacks_ge_5,0,0,False,False,,
AS266434,ASN266434,MASTER DATA TELECOMUNICACOES LTDA - ME,7,1,20,low,repeated_attacks_ge_5,0,0,False,False,,
AS266812,266812,CONEXIONTOTAL S.A.,7,1,20,low,repeated_attacks_ge_5,0,0,False,False,,
AS267824,,,7,1,20,low,repeated_attacks_ge_5,0,0,False,False,,
AS268218,ASN268218,COPREL TELECOM LTDA,7,1,20,low,repeated_attacks_ge_5,0,0,False,False,,
AS268227,,,7,1,20,low,repeated_attacks_ge_5,0,0,False,False,,
AS268893,,,7,1,20,low,repeated_attacks_ge_5,0,0,False,False,,
AS270291,,,7,1,20,low,repeated_attacks_ge_5,0,0,False,False,,
AS270854,,,7,1,20,low,repeated_attacks_ge_5,0,0,False,False,,
AS271071,ASN271071,NAVEGAI SERVICOS DE TELECOMUNICACOES E INFORMATICA,7,1,20,low,repeated_attacks_ge_5,0,0,False,False,,
AS271158,ASN271158,Link Dedicado Fibra Optica Tv e Telefonia Ip LTDA,7,1,20,low,repeated_attacks_ge_5,0,0,False,False,,
AS271587,,,7,1,20,low,repeated_attacks_ge_5,0,0,False,False,,
AS273116,273116,TORRES SERGIO HERNAN (ITEQ INTERNET),7,1,20,low,repeated_attacks_ge_5,0,0,False,False,,
AS27887,27887,WIND Telecom S.A.,7,1,20,low,repeated_attacks_ge_5,0,0,False,False,,
AS28114,28114,Alpha Tel S.A.,7,1,20,low,repeated_attacks_ge_5,0,0,False,False,,
AS31149,ExpressNikopol-as,ExpressNikopol-MNT,7,1,20,low,repeated_attacks_ge_5,0,0,False,False,,
AS31685,TIM-AS,Alexander V. Kubrack,7,1,20,low,repeated_attacks_ge_5,0,0,False,False,,
AS3258,XTOM-JAPAN,xTom Japan Corporation,7,1,20,low,repeated_attacks_ge_5,0,0,False,False,,
AS329058,ORG-ICL7-AFRINIC,Kabous Boshoff,7,1,20,low,repeated_attacks_ge_5,0,0,False,False,,
AS35319,as35319,ALTAIR-MEGA-MNT,7,1,20,low,repeated_attacks_ge_5,0,0,False,False,,
AS38095,SKB-QRIXNETSDM-AS-KR-KR,AS Manager,7,1,20,low,repeated_attacks_ge_5,0,0,False,False,,
AS38750,TDS-AS-ID,IRT-TDS-ID,7,1,20,low,repeated_attacks_ge_5,0,0,False,False,,
AS39399,FENIXVT-AS,Mr. Dmytro Sharaburiak,7,1,20,low,repeated_attacks_ge_5,0,0,False,False,,
AS41722,,,7,1,20,low,repeated_attacks_ge_5,0,0,False,False,,
AS41925,IZET-Chelyabinsk,FACTORIAL-MNT,7,1,20,low,repeated_attacks_ge_5,0,0,False,False,,
AS44019,,,7,1,20,low,repeated_attacks_ge_5,0,0,False,False,,
AS44482,ZURB-AS,Alexander Roshkovan,7,1,20,low,repeated_attacks_ge_5,0,0,False,False,,
AS45536,,,7,1,20,low,repeated_attacks_ge_5,0,0,False,False,,
AS45769,,,7,1,20,low,repeated_attacks_ge_5,0,0,False,False,,
AS47235,,,7,1,20,low,repeated_attacks_ge_5,0,0,False,False,,
AS47283,,,7,1,20,low,repeated_attacks_ge_5,0,0,False,False,,
AS47361,SYSDESIGN-NET-AS,AS15497-MNT,7,1,20,low,repeated_attacks_ge_5,0,0,False,False,,
AS48494,MKNET-AS,BUKO-MNT,7,1,20,low,repeated_attacks_ge_5,0,0,False,False,,
AS48897,,,7,1,20,low,repeated_attacks_ge_5,0,0,False,False,,
AS49811,UZLOVAYA-NET,MNT-UZLOVAYA,7,1,20,low,repeated_attacks_ge_5,0,0,False,False,,
AS49863,LITE-TELECOM-AS,LITETELECOM-MNT,7,1,20,low,repeated_attacks_ge_5,0,0,False,False,,
AS50512,BARNAUL-AS,Network Operation Center CJSC ER-Telecom Holding Barnaul branch,7,1,20,low,repeated_attacks_ge_5,0,0,False,False,,
AS51200,DIDI-AS,DIDI-MNT,7,1,20,low,repeated_attacks_ge_5,0,0,False,False,,
AS51519,Karabro,KARABRO-MNT,7,1,20,low,repeated_attacks_ge_5,0,0,False,False,,
AS52300,,,7,1,20,low,repeated_attacks_ge_5,0,0,False,False,,
AS52505,,,7,1,20,low,repeated_attacks_ge_5,0,0,False,False,,
AS52651,,,7,1,20,low,repeated_attacks_ge_5,0,0,False,False,,
AS52709,,,7,1,20,low,repeated_attacks_ge_5,0,0,False,False,,
AS53066,ASN53066,VETORIALNET INF. E SERVIÇOS DE INTERNET LTDA,7,1,20,low,repeated_attacks_ge_5,0,0,False,False,,
AS57354,SYSTEMA-AS,Khalbad Dmitry,7,1,20,low,repeated_attacks_ge_5,0,0,False,False,,
AS57982,AMIK-AS,AMIK-MNT,7,1,20,low,repeated_attacks_ge_5,0,0,False,False,,
AS59508,kl-net,kl-net-mnt,7,1,20,low,repeated_attacks_ge_5,0,0,False,False,,
AS60182,OMEGATRANS,IPACCT-MNT,7,1,20,low,repeated_attacks_ge_5,0,0,False,False,,
AS60860,ALTAIR-KIEV-AS,MNT-TVCOM,7,1,20,low,repeated_attacks_ge_5,0,0,False,False,,
AS60936,SKANETDAG-AS,Chermen Mansurov,7,1,20,low,repeated_attacks_ge_5,0,0,False,False,,
AS61053,VPSNET-AS,Jonas Savulionis,7,1,20,low,repeated_attacks_ge_5,0,0,False,False,,
AS61923,ASN61923,SUNWAY TELECOM LTDA,7,1,20,low,repeated_attacks_ge_5,0,0,False,False,,
AS7470,,,7,1,20,low,repeated_attacks_ge_5,0,0,False,False,,
AS8636,,,7,1,20,low,repeated_attacks_ge_5,0,0,False,False,,
AS9937,DELTANET-AS-AP,DELTA NETWORKS - network administrator,7,1,20,low,repeated_attacks_ge_5,0,0,False,False,,
AS138590,,,6,2,20,low,repeated_attacks_ge_5,0,0,False,False,,
AS206065,FDI,Technical Administration,6,2,20,low,repeated_attacks_ge_5,0,0,False,False,,
AS210278,SKYIT-BB,it-sky-1-mnt,6,2,20,low,repeated_attacks_ge_5,0,0,False,False,,
AS21499,GODADDY-SXB,GoDaddy LIR,6,2,20,low,repeated_attacks_ge_5,0,0,False,False,,
AS267124,ASN267124,Paulino Perreira Dos Santos Eireli,6,2,20,low,repeated_attacks_ge_5,0,0,False,False,,
AS269345,ASN269345,SPACY NET,6,2,20,low,repeated_attacks_ge_5,0,0,False,False,,
AS1312,,,6,1,20,low,repeated_attacks_ge_5,0,0,False,False,,
AS131414,LVSOFT-AS-VN,IRT-VNNIC-AP,6,1,20,low,repeated_attacks_ge_5,0,0,False,False,,
AS133210,,,6,1,20,low,repeated_attacks_ge_5,0,0,False,False,,
AS135765,,,6,1,20,low,repeated_attacks_ge_5,0,0,False,False,,
AS137409,,,6,1,20,low,repeated_attacks_ge_5,0,0,False,False,,
AS139201,CHINANET-Jiangxi-Jiujiang-IDC,Chinanet Hostmaster,6,1,20,low,repeated_attacks_ge_5,0,0,False,False,,
AS140311,,,6,1,20,low,repeated_attacks_ge_5,0,0,False,False,,
AS146966,CHINANET-YANGZHOUNORTH-IDC,China Telecom,6,1,20,low,repeated_attacks_ge_5,0,0,False,False,,
AS147042,,,6,1,20,low,repeated_attacks_ge_5,0,0,False,False,,
AS154177,LIGHT4-AS-AP,IRT-LIGHT4-HK,6,1,20,low,repeated_attacks_ge_5,0,0,False,False,,
AS154321,CCSB-AS-AP,CORENET CLOUD SDN BHD administrator,6,1,20,low,repeated_attacks_ge_5,0,0,False,False,,
AS17853,,,6,1,20,low,repeated_attacks_ge_5,0,0,False,False,,
AS17924,,,6,1,20,low,repeated_attacks_ge_5,0,0,False,False,,
AS18081,KCN,Japan Network Information Center,6,1,20,low,repeated_attacks_ge_5,0,0,False,False,,
AS197574,EXPRESSHOST,ExpressHost NOC Team,6,1,20,low,repeated_attacks_ge_5,0,0,False,False,,
AS203481,,,6,1,20,low,repeated_attacks_ge_5,0,0,False,False,,
AS209,,,6,1,20,low,repeated_attacks_ge_5,0,0,False,False,,
AS209101,,,6,1,20,low,repeated_attacks_ge_5,0,0,False,False,,
AS209160,Miti2000,MNT-LIR-BG,6,1,20,low,repeated_attacks_ge_5,0,0,False,False,,
AS213194,,,6,1,20,low,repeated_attacks_ge_5,0,0,False,False,,
AS24961,,,6,1,20,low,repeated_attacks_ge_5,0,0,False,False,,
AS25521,,,6,1,20,low,repeated_attacks_ge_5,0,0,False,False,,
AS263966,ASN263966,WORLD WIFI TELECOMUNICAÇÕES LTDA - ME,6,1,20,low,repeated_attacks_ge_5,0,0,False,False,,
AS266215,ASN266215,ServTEC Telecom,6,1,20,low,repeated_attacks_ge_5,0,0,False,False,,
AS266360,,,6,1,20,low,repeated_attacks_ge_5,0,0,False,False,,
AS268976,ASN268976,Weclix Telecom S/A,6,1,20,low,repeated_attacks_ge_5,0,0,False,False,,
AS270798,ASN270798,Microchip.Net Fibra Optica,6,1,20,low,repeated_attacks_ge_5,0,0,False,False,,
AS272085,272085,TELECOMUNICACIONES DEL FUTURO SAC,6,1,20,low,repeated_attacks_ge_5,0,0,False,False,,
AS27323,SERVERSTADIUM,Wowrack.com,6,1,20,low,repeated_attacks_ge_5,0,0,False,False,,
AS28453,,,6,1,20,low,repeated_attacks_ge_5,0,0,False,False,,
AS29066,,,6,1,20,low,repeated_attacks_ge_5,0,0,False,False,,
AS29182,RU-JSCIOT,IOT Network Operations,6,1,20,low,repeated_attacks_ge_5,0,0,False,False,,
AS32329,,,6,1,20,low,repeated_attacks_ge_5,0,0,False,False,,
AS37148,ORG-GL1-AFRINIC,FABIAN IGBOKWE,6,1,20,low,repeated_attacks_ge_5,0,0,False,False,,
AS37187,ORG-SCL2-AFRINIC,LIMBIKA KANJADZA,6,1,20,low,repeated_attacks_ge_5,0,0,False,False,,
AS3758,,,6,1,20,low,repeated_attacks_ge_5,0,0,False,False,,
AS38600,SMART-AXIATA-KH,"Smart Axiata Co., Ltd.",6,1,20,low,repeated_attacks_ge_5,0,0,False,False,,
AS39286,NITROSERV,Julian MIRIBEL,6,1,20,low,repeated_attacks_ge_5,0,0,False,False,,
AS394256,CLOUDSINGULARITY,Tech Futures Interactive Inc.,6,1,20,low,repeated_attacks_ge_5,0,0,False,False,,
AS397423,,,6,1,20,low,repeated_attacks_ge_5,0,0,False,False,,
AS42910,,,6,1,20,low,repeated_attacks_ge_5,0,0,False,False,,
AS44034,hi3g,Erik Blomberg,6,1,20,low,repeated_attacks_ge_5,0,0,False,False,,
AS45753,NETSEC-HK,IRT-NETSEC-HK,6,1,20,low,repeated_attacks_ge_5,0,0,False,False,,
AS4800,LINTASARTA-AS-AP,IRT-IDNIC-ID,6,1,20,low,repeated_attacks_ge_5,0,0,False,False,,
AS49100,IR-THR-PTE,Arash Naderpour,6,1,20,low,repeated_attacks_ge_5,0,0,False,False,,
AS49455,UPC-AS,Hostmaster Get,6,1,20,low,repeated_attacks_ge_5,0,0,False,False,,
AS50010,,,6,1,20,low,repeated_attacks_ge_5,0,0,False,False,,
AS50060,ANNET,Chuykov Sergey Ivanovich,6,1,20,low,repeated_attacks_ge_5,0,0,False,False,,
AS50676,TELCOMNET,MNT-TELCOM,6,1,20,low,repeated_attacks_ge_5,0,0,False,False,,
AS51803,IPPLUS,Andrey Koba,6,1,20,low,repeated_attacks_ge_5,0,0,False,False,,
AS51993,region-tv-as,Andrey Gerasimov,6,1,20,low,repeated_attacks_ge_5,0,0,False,False,,
AS55352,,,6,1,20,low,repeated_attacks_ge_5,0,0,False,False,,
AS55693,,,6,1,20,low,repeated_attacks_ge_5,0,0,False,False,,
AS55720,,,6,1,20,low,repeated_attacks_ge_5,0,0,False,False,,
AS56207,,,6,1,20,low,repeated_attacks_ge_5,0,0,False,False,,
AS58065,PacketExchange,Mikael Bjorg,6,1,20,low,repeated_attacks_ge_5,0,0,False,False,,
AS60602,INOVARE-AS,Dan Popusoi,6,1,20,low,repeated_attacks_ge_5,0,0,False,False,,
AS62041,,,6,1,20,low,repeated_attacks_ge_5,0,0,False,False,,
AS7020,ORG-IHL1-AFRINIC,George Davids,6,1,20,low,repeated_attacks_ge_5,0,0,False,False,,
AS8708,DIGI-RO,AS8708-MNT,6,1,20,low,repeated_attacks_ge_5,0,0,False,False,,
AS9051,,,6,1,20,low,repeated_attacks_ge_5,0,0,False,False,,
AS9122,,,6,1,20,low,repeated_attacks_ge_5,0,0,False,False,,
AS10013,FBDC,Japan Network Information Center,5,1,20,low,repeated_attacks_ge_5,0,0,False,False,,
AS10474,,,5,1,20,low,repeated_attacks_ge_5,0,0,False,False,,
AS11492,CABLEONE,"CABLE ONE, INC.",5,1,20,low,repeated_attacks_ge_5,0,0,False,False,,
AS11921,ASN11921,SECRELNET INFORMATICA LTDA,5,1,20,low,repeated_attacks_ge_5,0,0,False,False,,
AS12400,PARTNER-AS,AS12400-MNT,5,1,20,low,repeated_attacks_ge_5,0,0,False,False,,
AS12709,MELITACABLE,MELITACABLE Hostmaster,5,1,20,low,repeated_attacks_ge_5,0,0,False,False,,
AS12946,,,5,1,20,low,repeated_attacks_ge_5,0,0,False,False,,
AS131178,EZECOM-AS-AP,EZECOM LIMITED - network administrator,5,1,20,low,repeated_attacks_ge_5,0,0,False,False,,
AS131215,SANCHARONLINE-IN,SANCHAR TELENETWORK PVTLTD - network administrat,5,1,20,low,repeated_attacks_ge_5,0,0,False,False,,
AS131607,DCTV-AS-TW,IRT-DCTV-TW,5,1,20,low,repeated_attacks_ge_5,0,0,False,False,,
AS13194,BITE,BITE-NOC,5,1,20,low,repeated_attacks_ge_5,0,0,False,False,,
AS132199,GLOBE-MOBILE-5TH-GEN-AS,Mohosinur Rahman,5,1,20,low,repeated_attacks_ge_5,0,0,False,False,,
AS132774,NISSBROADBAND-AS-IN,Manager Admin,5,1,20,low,repeated_attacks_ge_5,0,0,False,False,,
AS133385,ATOMMYANMAR-AS-AP,IRT-ATOMMYANMAR-MM,5,1,20,low,repeated_attacks_ge_5,0,0,False,False,,
AS133594,WPIS-AS,Manager Admin,5,1,20,low,repeated_attacks_ge_5,0,0,False,False,,
AS134026,ULTRANET-AS,umesh yadav,5,1,20,low,repeated_attacks_ge_5,0,0,False,False,,
AS136327,,,5,1,20,low,repeated_attacks_ge_5,0,0,False,False,,
AS136558,MUXTECHNOLOGIES-AS-AP,MUX TECHNOLOGIES,5,1,20,low,repeated_attacks_ge_5,0,0,False,False,,
AS137364,,,5,1,20,low,repeated_attacks_ge_5,0,0,False,False,,
AS13767,,,5,1,20,low,repeated_attacks_ge_5,0,0,False,False,,
AS137690,CHINATELECOM-SHANDONG-ZAOZHUANG-IDC,Chinanet Hostmaster,5,1,20,low,repeated_attacks_ge_5,0,0,False,False,,
AS140308,CHINATELECOM-GUANGDONG-ZHUHAI-5G-NETWORK,Chinanet Hostmaster,5,1,20,low,repeated_attacks_ge_5,0,0,False,False,,
AS141549,KFONLTD-AS-IN,IRT-KFONLTD-IN,5,1,20,low,repeated_attacks_ge_5,0,0,False,False,,
AS141739,,,5,1,20,low,repeated_attacks_ge_5,0,0,False,False,,
AS142319,IDNIC-VIBERLINK-AS-ID,Nendi Purnomo,5,1,20,low,repeated_attacks_ge_5,0,0,False,False,,
AS146904,,,5,1,20,low,repeated_attacks_ge_5,0,0,False,False,,
AS147302,,,5,1,20,low,repeated_attacks_ge_5,0,0,False,False,,
AS150153,AWSCL-AS-AP,IRT-AWSCL-MM,5,1,20,low,repeated_attacks_ge_5,0,0,False,False,,
AS150309,ERSTCL-AS-AP,E R S TECHNOLOGY COMPANY LIMITED administrator,5,1,20,low,repeated_attacks_ge_5,0,0,False,False,,
AS152499,,,5,1,20,low,repeated_attacks_ge_5,0,0,False,False,,
AS153908,CII-AS-AP,IRT-CII-PH,5,1,20,low,repeated_attacks_ge_5,0,0,False,False,,
AS15735,,,5,1,20,low,repeated_attacks_ge_5,0,0,False,False,,
AS16086,DNA,DNA Registry,5,1,20,low,repeated_attacks_ge_5,0,0,False,False,,
AS16904,,,5,1,20,low,repeated_attacks_ge_5,0,0,False,False,,
AS17421,,,5,1,20,low,repeated_attacks_ge_5,0,0,False,False,,
AS17483,,,5,1,20,low,repeated_attacks_ge_5,0,0,False,False,,
AS17501,,,5,1,20,low,repeated_attacks_ge_5,0,0,False,False,,
AS1759,,,5,1,20,low,repeated_attacks_ge_5,0,0,False,False,,
AS17849,,,5,1,20,low,repeated_attacks_ge_5,0,0,False,False,,
AS17976,CamGSM-CELLCARD-AS-AP,IRT-CAMGSM-KH,5,1,20,low,repeated_attacks_ge_5,0,0,False,False,,
AS18283,,,5,1,20,low,repeated_attacks_ge_5,0,0,False,False,,
AS197131,ASCATNET,Medvediev Andrii,5,1,20,low,repeated_attacks_ge_5,0,0,False,False,,
AS197144,,,5,1,20,low,repeated_attacks_ge_5,0,0,False,False,,
AS197960,MEGANET,Gontar Vasiliy Gennadievich NOC,5,1,20,low,repeated_attacks_ge_5,0,0,False,False,,
AS198429,DRWD-AS,FARLEP-MNT,5,1,20,low,repeated_attacks_ge_5,0,0,False,False,,
AS199536,TECHDIGITAL-AS,ANGELASTRI GIUSEPPE,5,1,20,low,repeated_attacks_ge_5,0,0,False,False,,
AS201249,,,5,1,20,low,repeated_attacks_ge_5,0,0,False,False,,
AS202074,LINKTELCO-ASN,Francesco Rende,5,1,20,low,repeated_attacks_ge_5,0,0,False,False,,
AS202696,,,5,1,20,low,repeated_attacks_ge_5,0,0,False,False,,
AS205318,,,5,1,20,low,repeated_attacks_ge_5,0,0,False,False,,
AS205714,tele2hr,mnt-hr-tele2-1,5,1,20,low,repeated_attacks_ge_5,0,0,False,False,,
AS207251,caspel,az-caspel-1-mnt,5,1,20,low,repeated_attacks_ge_5,0,0,False,False,,
AS207501,BIKIN-AS,MNT-NETART,5,1,20,low,repeated_attacks_ge_5,0,0,False,False,,
AS208139,AVATOR,FOP Avator Myhaylo Mykolayovych,5,1,20,low,repeated_attacks_ge_5,0,0,False,False,,
AS208397,,,5,1,20,low,repeated_attacks_ge_5,0,0,False,False,,
AS208448,,,5,1,20,low,repeated_attacks_ge_5,0,0,False,False,,
AS20910,BALTKOM-AS,BITE Latvija,5,1,20,low,repeated_attacks_ge_5,0,0,False,False,,
AS209335,TUM-RBG,Technical University of Munich,5,1,20,low,repeated_attacks_ge_5,0,0,False,False,,
AS209398,AIRNET-UA-AS,MNT-AIRNET-UA,5,1,20,low,repeated_attacks_ge_5,0,0,False,False,,
AS210109,,,5,1,20,low,repeated_attacks_ge_5,0,0,False,False,,
AS210797,NO,lir-ge-ltdluknet-1-MNT,5,1,20,low,repeated_attacks_ge_5,0,0,False,False,,
AS211608,TOTALNET-AS,Totalnet LLC,5,1,20,low,repeated_attacks_ge_5,0,0,False,False,,
AS21277,,,5,1,20,low,repeated_attacks_ge_5,0,0,False,False,,
AS212974,TomaNet,admin,5,1,20,low,repeated_attacks_ge_5,0,0,False,False,,
AS21310,,,5,1,20,low,repeated_attacks_ge_5,0,0,False,False,,
AS214957,,,5,1,20,low,repeated_attacks_ge_5,0,0,False,False,,
AS215428,shinomiya,MEROX-MNT,5,1,20,low,repeated_attacks_ge_5,0,0,False,False,,
AS22995,,,5,1,20,low,repeated_attacks_ge_5,0,0,False,False,,
AS24722,,,5,1,20,low,repeated_attacks_ge_5,0,0,False,False,,
AS24881,,,5,1,20,low,repeated_attacks_ge_5,0,0,False,False,,
AS25124,DATAK,DATAK,5,1,20,low,repeated_attacks_ge_5,0,0,False,False,,
AS2516,KDDI,Japan Network Information Center,5,1,20,low,repeated_attacks_ge_5,0,0,False,False,,
AS2519,,,5,1,20,low,repeated_attacks_ge_5,0,0,False,False,,
AS25274,,,5,1,20,low,repeated_attacks_ge_5,0,0,False,False,,
AS262285,,,5,1,20,low,repeated_attacks_ge_5,0,0,False,False,,
AS262469,,,5,1,20,low,repeated_attacks_ge_5,0,0,False,False,,
AS262560,ASN262560,LONDRES & VELOSO INFORMATICA LTDA,5,1,20,low,repeated_attacks_ge_5,0,0,False,False,,
AS262673,,,5,1,20,low,repeated_attacks_ge_5,0,0,False,False,,
AS262740,ASN262740,VELOO NET LTDA,5,1,20,low,repeated_attacks_ge_5,0,0,False,False,,
AS263152,,,5,1,20,low,repeated_attacks_ge_5,0,0,False,False,,
AS263432,,,5,1,20,low,repeated_attacks_ge_5,0,0,False,False,,
AS263539,ASN263539,NEW SYSTEM INTERNET,5,1,20,low,repeated_attacks_ge_5,0,0,False,False,,
AS263801,263801,LINKEAR SRL,5,1,20,low,repeated_attacks_ge_5,0,0,False,False,,
AS264076,,,5,1,20,low,repeated_attacks_ge_5,0,0,False,False,,
AS264521,,,5,1,20,low,repeated_attacks_ge_5,0,0,False,False,,
AS264533,ASN264533,ROBERTA CARDOSO JAHEL - ME,5,1,20,low,repeated_attacks_ge_5,0,0,False,False,,
AS264545,,,5,1,20,low,repeated_attacks_ge_5,0,0,False,False,,
AS264659,264659,Sol Cablevisión S.A.S E.S.P,5,1,20,low,repeated_attacks_ge_5,0,0,False,False,,
AS264868,,,5,1,20,low,repeated_attacks_ge_5,0,0,False,False,,
AS265046,,,5,1,20,low,repeated_attacks_ge_5,0,0,False,False,,
AS265229,ASN265229,INTERLIGADOS FIBRA,5,1,20,low,repeated_attacks_ge_5,0,0,False,False,,
AS265291,ASN265291,MP NET,5,1,20,low,repeated_attacks_ge_5,0,0,False,False,,
AS265385,,,5,1,20,low,repeated_attacks_ge_5,0,0,False,False,,
AS265432,ASN265432,Opty Internet Ltda,5,1,20,low,repeated_attacks_ge_5,0,0,False,False,,
AS265632,,,5,1,20,low,repeated_attacks_ge_5,0,0,False,False,,
AS265867,265867,Trans Ocean Network,5,1,20,low,repeated_attacks_ge_5,0,0,False,False,,
AS266176,ASN266176,Lidercom Provedor de Internet Eireli,5,1,20,low,repeated_attacks_ge_5,0,0,False,False,,
AS266779,,,5,1,20,low,repeated_attacks_ge_5,0,0,False,False,,
AS266870,266870,SERVICIO DE TELECOMUNICACIONES VEMOS MAS LTDA.,5,1,20,low,repeated_attacks_ge_5,0,0,False,False,,
AS266900,266900,SOC. TELEVISIVA CABLE SANTA JUANA LIMITADA.,5,1,20,low,repeated_attacks_ge_5,0,0,False,False,,
AS267222,,,5,1,20,low,repeated_attacks_ge_5,0,0,False,False,,
AS267243,ASN267243,NET 10 LTDA ME,5,1,20,low,repeated_attacks_ge_5,0,0,False,False,,
AS267381,,,5,1,20,low,repeated_attacks_ge_5,0,0,False,False,,
AS267470,ASN267470,CX Pro,5,1,20,low,repeated_attacks_ge_5,0,0,False,False,,
AS267684,,,5,1,20,low,repeated_attacks_ge_5,0,0,False,False,,
AS268159,ASN268159,CD TELECOMUNICACOES LTDA,5,1,20,low,repeated_attacks_ge_5,0,0,False,False,,
AS268201,ASN268201,IGP TELECOMUNICAÇÕES LTDA,5,1,20,low,repeated_attacks_ge_5,0,0,False,False,,
AS268267,ASN268267,INFONET TELECOMUNICACOES LTDA,5,1,20,low,repeated_attacks_ge_5,0,0,False,False,,
AS268438,ASN268438,ELADIO FERREIRA DOS SANTOS NETO-ME,5,1,20,low,repeated_attacks_ge_5,0,0,False,False,,
AS268487,ASN268487,PRISMA TELECOMUNICAÇÕES LTDA. EPP,5,1,20,low,repeated_attacks_ge_5,0,0,False,False,,
AS268564,ASN268564,Virtex Telecom,5,1,20,low,repeated_attacks_ge_5,0,0,False,False,,
AS268845,ASN268845,ITD Internet Ltda,5,1,20,low,repeated_attacks_ge_5,0,0,False,False,,
AS268884,ASN268884,LIKEE FIBRA LTDA,5,1,20,low,repeated_attacks_ge_5,0,0,False,False,,
AS268900,ASN268900,Reabra Tecnologia Para Administrao de Redes Ltda -,5,1,20,low,repeated_attacks_ge_5,0,0,False,False,,
AS268990,ASN268990,Inforfelixnet Telecomunicaçoes Ltda ME,5,1,20,low,repeated_attacks_ge_5,0,0,False,False,,
AS26904,,,5,1,20,low,repeated_attacks_ge_5,0,0,False,False,,
AS269316,ASN269316,ROBOT BEST NET TEC. E SERVICOS EIRELI,5,1,20,low,repeated_attacks_ge_5,0,0,False,False,,
AS269804,269804,SEPCOM COMUNICACIONES SAS,5,1,20,low,repeated_attacks_ge_5,0,0,False,False,,
AS269823,,,5,1,20,low,repeated_attacks_ge_5,0,0,False,False,,
AS269979,,,5,1,20,low,repeated_attacks_ge_5,0,0,False,False,,
AS270342,,,5,1,20,low,repeated_attacks_ge_5,0,0,False,False,,
AS270372,ASN270372,CEUNET TELECOM EIRELI,5,1,20,low,repeated_attacks_ge_5,0,0,False,False,,
AS270533,ASN270533,INFORNET CONEXÃO,5,1,20,low,repeated_attacks_ge_5,0,0,False,False,,
AS270753,ASN270753,NAVEX INTERNET LTDA,5,1,20,low,repeated_attacks_ge_5,0,0,False,False,,
AS270865,ASN270865,PW FIBRA OPTICA,5,1,20,low,repeated_attacks_ge_5,0,0,False,False,,
AS271156,ASN271156,MEPLO EMPREENDIMENTOS TECNOLOGICOS LTDA,5,1,20,low,repeated_attacks_ge_5,0,0,False,False,,
AS271231,,,5,1,20,low,repeated_attacks_ge_5,0,0,False,False,,
AS271498,ASN271498,ZEN INTERNET E TELECOMUNICACAO EIRELI,5,1,20,low,repeated_attacks_ge_5,0,0,False,False,,
AS271531,,,5,1,20,low,repeated_attacks_ge_5,0,0,False,False,,
AS271724,,,5,1,20,low,repeated_attacks_ge_5,0,0,False,False,,
AS271911,,,5,1,20,low,repeated_attacks_ge_5,0,0,False,False,,
AS272129,,,5,1,20,low,repeated_attacks_ge_5,0,0,False,False,,
AS272436,ASN272436,TERCIO FELIPE LOURENCO PEREIRA,5,1,20,low,repeated_attacks_ge_5,0,0,False,False,,
AS273019,,,5,1,20,low,repeated_attacks_ge_5,0,0,False,False,,
AS273187,273187,FIESTA TELECOMUNICACIONES SAS,5,1,20,low,repeated_attacks_ge_5,0,0,False,False,,
AS274088,274088,SOCIAL NETWORKS S.R.L.,5,1,20,low,repeated_attacks_ge_5,0,0,False,False,,
AS27589,MOJOHOST,MOJOHOST,5,1,20,low,repeated_attacks_ge_5,0,0,False,False,,
AS27839,27839,Comteco Ltda,5,1,20,low,repeated_attacks_ge_5,0,0,False,False,,
AS28173,,,5,1,20,low,repeated_attacks_ge_5,0,0,False,False,,
AS28640,ASN28640,VIPWAY Telecomunicações Ltda,5,1,20,low,repeated_attacks_ge_5,0,0,False,False,,
AS28667,,,5,1,20,low,repeated_attacks_ge_5,0,0,False,False,,
AS29256,,,5,1,20,low,repeated_attacks_ge_5,0,0,False,False,,
AS29456,,,5,1,20,low,repeated_attacks_ge_5,0,0,False,False,,
AS29571,,,5,1,20,low,repeated_attacks_ge_5,0,0,False,False,,
AS29975,,,5,1,20,low,repeated_attacks_ge_5,0,0,False,False,,
AS30779,INETKR-AS,Dmitry S. Luhtionov,5,1,20,low,repeated_attacks_ge_5,0,0,False,False,,
AS30886,,,5,1,20,low,repeated_attacks_ge_5,0,0,False,False,,
AS31113,ARTKOMM-AS,MNT-ARTKOMM,5,1,20,low,repeated_attacks_ge_5,0,0,False,False,,
AS31363,MOSCOW-AS,"JSC ""ER-Telecom Holding""",5,1,20,low,repeated_attacks_ge_5,0,0,False,False,,
AS31370,MOSLINE-AS,Alexey Pankratov,5,1,20,low,repeated_attacks_ge_5,0,0,False,False,,
AS3216,,,5,1,20,low,repeated_attacks_ge_5,0,0,False,False,,
AS3226,MARK-ITT-AS,Alexander Ermolaev,5,1,20,low,repeated_attacks_ge_5,0,0,False,False,,
AS32277,,,5,1,20,low,repeated_attacks_ge_5,0,0,False,False,,
AS327782,ORG-MN2-AFRINIC,Metro Fibre Networx (Pty) Ltd,5,1,20,low,repeated_attacks_ge_5,0,0,False,False,,
AS327941,,,5,1,20,low,repeated_attacks_ge_5,0,0,False,False,,
AS328111,,,5,1,20,low,repeated_attacks_ge_5,0,0,False,False,,
AS328178,,,5,1,20,low,repeated_attacks_ge_5,0,0,False,False,,
AS329535,ORG-OAL1-AFRINIC,JOSPHAT CHEGE,5,1,20,low,repeated_attacks_ge_5,0,0,False,False,,
AS33576,DIG001,Digicel Jamaica,5,1,20,low,repeated_attacks_ge_5,0,0,False,False,,
AS34187,,,5,1,20,low,repeated_attacks_ge_5,0,0,False,False,,
AS34579,,,5,1,20,low,repeated_attacks_ge_5,0,0,False,False,,
AS34700,,,5,1,20,low,repeated_attacks_ge_5,0,0,False,False,,
AS35032,,,5,1,20,low,repeated_attacks_ge_5,0,0,False,False,,
AS37100,ORG-SL75-AFRINIC,SEACOM Limited,5,1,20,low,repeated_attacks_ge_5,0,0,False,False,,
AS37315,ORG-CA6-AFRINIC,Cipherwave,5,1,20,low,repeated_attacks_ge_5,0,0,False,False,,
AS38255,FITI-AS-AP,IRT-CERNET-AP,5,1,20,low,repeated_attacks_ge_5,0,0,False,False,,
AS38680,,,5,1,20,low,repeated_attacks_ge_5,0,0,False,False,,
AS39120,,,5,1,20,low,repeated_attacks_ge_5,0,0,False,False,,
AS39822,FOBOS-AS,Andrew Philonenko,5,1,20,low,repeated_attacks_ge_5,0,0,False,False,,
AS398721,,,5,1,20,low,repeated_attacks_ge_5,0,0,False,False,,
AS399646,DARTNODE,Snaju Development,5,1,20,low,repeated_attacks_ge_5,0,0,False,False,,
AS400619,AROSS-AS,AROSSCLOUD INC.,5,1,20,low,repeated_attacks_ge_5,0,0,False,False,,
AS41754,ERTH-PENZA-AS,Network Operation Center CJSC ER-Telecom Company Penza branch,5,1,20,low,repeated_attacks_ge_5,0,0,False,False,,
AS41822,TNGS-NORTH-AS,Mobile TeleSystems PJSC Ural Branch,5,1,20,low,repeated_attacks_ge_5,0,0,False,False,,
AS42714,,,5,1,20,low,repeated_attacks_ge_5,0,0,False,False,,
AS42837,extraline,Billing,5,1,20,low,repeated_attacks_ge_5,0,0,False,False,,
AS42991,HNET-AS,MNT-HNETFASTNET,5,1,20,low,repeated_attacks_ge_5,0,0,False,False,,
AS44032,L4-AS,Kolesnichenko Vitaliy,5,1,20,low,repeated_attacks_ge_5,0,0,False,False,,
AS44265,,,5,1,20,low,repeated_attacks_ge_5,0,0,False,False,,
AS44416,,,5,1,20,low,repeated_attacks_ge_5,0,0,False,False,,
AS44572,PARMATEL-AS,Ilya N Arteev,5,1,20,low,repeated_attacks_ge_5,0,0,False,False,,
AS44695,,,5,1,20,low,repeated_attacks_ge_5,0,0,False,False,,
AS44894,UCMA-AS,Alexey F,5,1,20,low,repeated_attacks_ge_5,0,0,False,False,,
AS47193,,,5,1,20,low,repeated_attacks_ge_5,0,0,False,False,,
AS47236,,,5,1,20,low,repeated_attacks_ge_5,0,0,False,False,,
AS48096,,,5,1,20,low,repeated_attacks_ge_5,0,0,False,False,,
AS48485,,,5,1,20,low,repeated_attacks_ge_5,0,0,False,False,,
AS48830,,,5,1,20,low,repeated_attacks_ge_5,0,0,False,False,,
AS50025,NET-TELEVISION-AS,Net Television Ltd. NOC,5,1,20,low,repeated_attacks_ge_5,0,0,False,False,,
AS51054,TRANSCOM,Igor Kulakov,5,1,20,low,repeated_attacks_ge_5,0,0,False,False,,
AS51590,ARONET-AS,ARONET ADMIN,5,1,20,low,repeated_attacks_ge_5,0,0,False,False,,
AS51645,,,5,1,20,low,repeated_attacks_ge_5,0,0,False,False,,
AS51742,ASNETLIFE,Yaroslav Molochko,5,1,20,low,repeated_attacks_ge_5,0,0,False,False,,
AS52103,Dobropolie-AS,DOBRONET-MNT,5,1,20,low,repeated_attacks_ge_5,0,0,False,False,,
AS52613,,,5,1,20,low,repeated_attacks_ge_5,0,0,False,False,,
AS52771,,,5,1,20,low,repeated_attacks_ge_5,0,0,False,False,,
AS52860,,,5,1,20,low,repeated_attacks_ge_5,0,0,False,False,,
AS52875,ASN52875,M.I.MONTREAL INFORMATICA LTDA,5,1,20,low,repeated_attacks_ge_5,0,0,False,False,,
AS52966,,,5,1,20,low,repeated_attacks_ge_5,0,0,False,False,,
AS53102,ASN53102,S.I. TELECOM. SERVICOS DE TELEFONIA LTDA EPP,5,1,20,low,repeated_attacks_ge_5,0,0,False,False,,
AS53146,ASN53146,R2 Telecom Com. Prod. Inform. Ltda,5,1,20,low,repeated_attacks_ge_5,0,0,False,False,,
AS53209,,,5,1,20,low,repeated_attacks_ge_5,0,0,False,False,,
AS53222,ASN53222,Seanet Telecom Ltda,5,1,20,low,repeated_attacks_ge_5,0,0,False,False,,
AS53241,ASN53241,Mcnet Serviços de Comunicações Ltda,5,1,20,low,repeated_attacks_ge_5,0,0,False,False,,
AS55661,,,5,1,20,low,repeated_attacks_ge_5,0,0,False,False,,
AS55699,STARNET-AS-ID,Benyamin Benyamin,5,1,20,low,repeated_attacks_ge_5,0,0,False,False,,
AS55736,DataKnox-DNX,Husayn Aly,5,1,20,low,repeated_attacks_ge_5,0,0,False,False,,
AS56089,,,5,1,20,low,repeated_attacks_ge_5,0,0,False,False,,
AS5617,,,5,1,20,low,repeated_attacks_ge_5,0,0,False,False,,
AS56420,RYAZAN-AS,Network Operation Center CJSC ER-Telecom Holding Ryazan' branch,5,1,20,low,repeated_attacks_ge_5,0,0,False,False,,
AS56622,DVS-Sat,DVS-Sat LLC,5,1,20,low,repeated_attacks_ge_5,0,0,False,False,,
AS57396,,,5,1,20,low,repeated_attacks_ge_5,0,0,False,False,,
AS57411,NOVOTEHNIKS-AS,IP-RIPE,5,1,20,low,repeated_attacks_ge_5,0,0,False,False,,
AS58397,,,5,1,20,low,repeated_attacks_ge_5,0,0,False,False,,
AS58542,CHINATELECOM-TIANJIN,Chinanet Hostmaster,5,1,20,low,repeated_attacks_ge_5,0,0,False,False,,
AS58772,ChinaNet-Fujian-Fuzhou-IDC,Chinanet Hostmaster,5,1,20,low,repeated_attacks_ge_5,0,0,False,False,,
AS59019,BJKSCNET,Liming  Huang,5,1,20,low,repeated_attacks_ge_5,0,0,False,False,,
AS59878,ASBFB,Admin,5,1,20,low,repeated_attacks_ge_5,0,0,False,False,,
AS60119,EDINOS-AS,Ediniy Operator Svyazi LLC NOC,5,1,20,low,repeated_attacks_ge_5,0,0,False,False,,
AS60458,,,5,1,20,low,repeated_attacks_ge_5,0,0,False,False,,
AS60707,,,5,1,20,low,repeated_attacks_ge_5,0,0,False,False,,
AS60989,,,5,1,20,low,repeated_attacks_ge_5,0,0,False,False,,
AS61382,KSINVEST-AS,DMITRY PISKUNOV,5,1,20,low,repeated_attacks_ge_5,0,0,False,False,,
AS61888,,,5,1,20,low,repeated_attacks_ge_5,0,0,False,False,,
AS61895,,,5,1,20,low,repeated_attacks_ge_5,0,0,False,False,,
AS6739,ONO-AS,AIRTELNET-MNT,5,1,20,low,repeated_attacks_ge_5,0,0,False,False,,
AS6805,,,5,1,20,low,repeated_attacks_ge_5,0,0,False,False,,
AS7122,,,5,1,20,low,repeated_attacks_ge_5,0,0,False,False,,
AS9038,,,5,1,20,low,repeated_attacks_ge_5,0,0,False,False,,
AS9050,,,5,1,20,low,repeated_attacks_ge_5,0,0,False,False,,
AS9146,,,5,1,20,low,repeated_attacks_ge_5,0,0,False,False,,
AS9595,XEPHION,Japan Network Information Center,5,1,20,low,repeated_attacks_ge_5,0,0,False,False,,
AS9605,,,5,1,20,low,repeated_attacks_ge_5,0,0,False,False,,
AS9756,,,5,1,20,low,repeated_attacks_ge_5,0,0,False,False,,
AS9976,ICNDP-AS-KR-KR,AS Manager,5,1,20,low,repeated_attacks_ge_5,0,0,False,False,,
AS140726,,,19,6,10,low,repeated_attacks_ge_2,0,0,False,False,,
AS27651,27651,ENTEL CHILE S.A.,10,3,10,low,repeated_attacks_ge_2,0,0,False,False,,
AS272836,272836,CALA SERVICIOS INTEGRALES E.I.R.L.,9,3,10,low,repeated_attacks_ge_2,0,0,False,False,,
AS208087,,,8,2,10,low,repeated_attacks_ge_2,0,0,False,False,,
AS21826,21826,Corporación Telemic C.A.,8,2,10,low,repeated_attacks_ge_2,0,0,False,False,,
AS34743,NASHNET-AS,NASHNET NOC,8,2,10,low,repeated_attacks_ge_2,0,0,False,False,,
AS46198,,,8,2,10,low,repeated_attacks_ge_2,0,0,False,False,,
AS57800,,,8,2,10,low,repeated_attacks_ge_2,0,0,False,False,,
AS42969,ALPHASTRIKE,Alpha Strike Labs GmbH,7,3,10,low,repeated_attacks_ge_2,0,0,False,False,,
AS136052,,,7,2,10,low,repeated_attacks_ge_2,0,0,False,False,,
AS139302,ACNNETWORK-AS-AP,Ashiq Cable Network (Pvt.) Limited,7,2,10,low,repeated_attacks_ge_2,0,0,False,False,,
AS216334,LandVPS-AS,Network department,7,2,10,low,repeated_attacks_ge_2,0,0,False,False,,
AS6713,ORG-ONdP1-AFRINIC,Kaddouhi Abdelaziz,7,2,10,low,repeated_attacks_ge_2,0,0,False,False,,
AS28146,ASN28146,MHNET TELECOM,6,4,10,low,repeated_attacks_ge_2,0,0,False,False,,
AS9697,CJHAEUNDAEGIJANG-AS-KR-KR,AS Manager,6,3,10,low,repeated_attacks_ge_2,0,0,False,False,,
AS23688,,,6,2,10,low,repeated_attacks_ge_2,0,0,False,False,,
AS262875,ASN262875,IP AMERICA TELECOM LTDA,6,2,10,low,repeated_attacks_ge_2,0,0,False,False,,
AS272851,,,6,2,10,low,repeated_attacks_ge_2,0,0,False,False,,
AS42905,,,6,2,10,low,repeated_attacks_ge_2,0,0,False,False,,
AS4787,,,6,2,10,low,repeated_attacks_ge_2,0,0,False,False,,
AS53162,ASN53162,VOIPGLOBE SERVICOS DE COM MULTIMIDIA VIA INTERNET,6,2,10,low,repeated_attacks_ge_2,0,0,False,False,,
AS9674,,,6,2,10,low,repeated_attacks_ge_2,0,0,False,False,,
AS9762,,,6,2,10,low,repeated_attacks_ge_2,0,0,False,False,,
AS266702,266702,MEGALINK S.R.L.,5,3,10,low,repeated_attacks_ge_2,0,0,False,False,,
AS11232,MIDCO-NET,Midcontinent Communications,5,2,10,low,repeated_attacks_ge_2,0,0,False,False,,
AS399486,VIRTUO,12651980 CANADA INC.,5,2,10,low,repeated_attacks_ge_2,0,0,False,False,,
AS49532,,,5,2,10,low,repeated_attacks_ge_2,0,0,False,False,,
AS10010,,,4,2,10,low,repeated_attacks_ge_2,0,0,False,False,,
AS18002,WORLDPHONE-IN,IRT-WORLDPHONE-IN,4,2,10,low,repeated_attacks_ge_2,0,0,False,False,,
AS20860,IOMART-AS,GB10488-RIPE-MNT,4,2,10,low,repeated_attacks_ge_2,0,0,False,False,,
AS219302,,,4,2,10,low,repeated_attacks_ge_2,0,0,False,False,,
AS37284,,,4,2,10,low,repeated_attacks_ge_2,0,0,False,False,,
AS4609,,,4,2,10,low,repeated_attacks_ge_2,0,0,False,False,,
AS10030,CELCOMNET-AP,Celcom Axiata Berhad,4,1,10,low,repeated_attacks_ge_2,0,0,False,False,,
AS10299,10299,EMPRESAS MUNICIPALES DE CALI E.I.C.E. E.S.P.,4,1,10,low,repeated_attacks_ge_2,0,0,False,False,,
AS11272,TELEPAK-NETWORKS-INC,C Spire Fiber,4,1,10,low,repeated_attacks_ge_2,0,0,False,False,,
AS12332,,,4,1,10,low,repeated_attacks_ge_2,0,0,False,False,,
AS131392,,,4,1,10,low,repeated_attacks_ge_2,0,0,False,False,,
AS131769,IDNIC-MAYATAMA-AS-ID,Yogi Rinanda,4,1,10,low,repeated_attacks_ge_2,0,0,False,False,,
AS132957,PINTWIRE-AS,IRT-PINTWIRE-IN,4,1,10,low,repeated_attacks_ge_2,0,0,False,False,,
AS133981,PLRNET-AS-IN,IRT-PLRNET-IN,4,1,10,low,repeated_attacks_ge_2,0,0,False,False,,
AS134810,,,4,1,10,low,repeated_attacks_ge_2,0,0,False,False,,
AS135310,INSPIREBROADBAND-AS-AP,Inspire Broadband administrator,4,1,10,low,repeated_attacks_ge_2,0,0,False,False,,
AS136435,,,4,1,10,low,repeated_attacks_ge_2,0,0,False,False,,
AS140499,,,4,1,10,low,repeated_attacks_ge_2,0,0,False,False,,
AS14259,14259,Gtd Internet S.A.,4,1,10,low,repeated_attacks_ge_2,0,0,False,False,,
AS150697,,,4,1,10,low,repeated_attacks_ge_2,0,0,False,False,,
AS150750,,,4,1,10,low,repeated_attacks_ge_2,0,0,False,False,,
AS15870,BST-AS,BS-Telecom LLC NOC,4,1,10,low,repeated_attacks_ge_2,0,0,False,False,,
AS197275,ASLINKTELECOMNN,Korshunov Dmitriy,4,1,10,low,repeated_attacks_ge_2,0,0,False,False,,
AS197490,SIRIUSVP-AS,Fernets Petr,4,1,10,low,repeated_attacks_ge_2,0,0,False,False,,
AS197520,UNIONCOM,UnionCOM Ltd,4,1,10,low,repeated_attacks_ge_2,0,0,False,False,,
AS197695,AS-REGRU,"""Domain names registrar REG.RU"", Ltd",4,1,10,low,repeated_attacks_ge_2,0,0,False,False,,
AS198227,NEWTELECOM-AS,Kovalchuk Evgeniy Evgenievich,4,1,10,low,repeated_attacks_ge_2,0,0,False,False,,
AS198253,Megaprostir,SPD FOP Kukushkin Anatoly Valerievich,4,1,10,low,repeated_attacks_ge_2,0,0,False,False,,
AS200354,ROUTNET-AS,IT-TV Network Administrators,4,1,10,low,repeated_attacks_ge_2,0,0,False,False,,
AS200845,AVATEL-AS,Mnt-Wikiker,4,1,10,low,repeated_attacks_ge_2,0,0,False,False,,
AS201086,SERVERPLUS,Mahsum Celik,4,1,10,low,repeated_attacks_ge_2,0,0,False,False,,
AS201167,,,4,1,10,low,repeated_attacks_ge_2,0,0,False,False,,
AS202375,DIGITALBOX,es-digitalbox-1-mnt,4,1,10,low,repeated_attacks_ge_2,0,0,False,False,,
AS204929,,,4,1,10,low,repeated_attacks_ge_2,0,0,False,False,,
AS20776,,,4,1,10,low,repeated_attacks_ge_2,0,0,False,False,,
AS208677,CLOUDRU-AS,mnt-ru-sbercloud-1,4,1,10,low,repeated_attacks_ge_2,0,0,False,False,,
AS209106,SISTEC-19-AS,SISTEC LLC,4,1,10,low,repeated_attacks_ge_2,0,0,False,False,,
AS210509,optline,lir-iq-optimum2-1-MNT,4,1,10,low,repeated_attacks_ge_2,0,0,False,False,,
AS21087,ELCITY-AS,ELCITY-MNT,4,1,10,low,repeated_attacks_ge_2,0,0,False,False,,
AS211190,,,4,1,10,low,repeated_attacks_ge_2,0,0,False,False,,
AS211441,Byficom,Idris Mayans,4,1,10,low,repeated_attacks_ge_2,0,0,False,False,,
AS212372,,,4,1,10,low,repeated_attacks_ge_2,0,0,False,False,,
AS215659,MOEMOEKYUN,KYUN-MNT,4,1,10,low,repeated_attacks_ge_2,0,0,False,False,,
AS23106,ASN23106,AMERICAN TOWER DO BRASIL-COMUNICAÇÂO MULTIMÍDIA LT,4,1,10,low,repeated_attacks_ge_2,0,0,False,False,,
AS24852,VINITA,INIT Hostmaster,4,1,10,low,repeated_attacks_ge_2,0,0,False,False,,
AS26154,VOIP-MINUTES-EXCHANGE,VOIP ME,4,1,10,low,repeated_attacks_ge_2,0,0,False,False,,
AS262146,262146,Datos,4,1,10,low,repeated_attacks_ge_2,0,0,False,False,,
AS262424,ASN262424,InterSoft Internet Software EIRELI,4,1,10,low,repeated_attacks_ge_2,0,0,False,False,,
AS262620,ASN262620,Pox Network Telecomunicações Ltda-ME,4,1,10,low,repeated_attacks_ge_2,0,0,False,False,,
AS262773,,,4,1,10,low,repeated_attacks_ge_2,0,0,False,False,,
AS263073,ASN263073,DTEL TELECOM,4,1,10,low,repeated_attacks_ge_2,0,0,False,False,,
AS263812,263812,SONDATECH S.A.S.,4,1,10,low,repeated_attacks_ge_2,0,0,False,False,,
AS263880,ASN263880,WANTEL TECNOLOGIA LTDA. ­ EPP,4,1,10,low,repeated_attacks_ge_2,0,0,False,False,,
AS264461,ASN264461,ADM INTERNET EIRELI,4,1,10,low,repeated_attacks_ge_2,0,0,False,False,,
AS264780,264780,HomeNet LTDA,4,1,10,low,repeated_attacks_ge_2,0,0,False,False,,
AS265714,,,4,1,10,low,repeated_attacks_ge_2,0,0,False,False,,
AS265943,ASN265943,RCTelecom Telecomunicaçoes LTDA-ME,4,1,10,low,repeated_attacks_ge_2,0,0,False,False,,
AS266145,ASN266145,NOVA TECNOLOGIA,4,1,10,low,repeated_attacks_ge_2,0,0,False,False,,
AS266283,,,4,1,10,low,repeated_attacks_ge_2,0,0,False,False,,
AS266332,ASN266332,PRESTEL SERVICOS EIRELI,4,1,10,low,repeated_attacks_ge_2,0,0,False,False,,
AS266608,ASN266608,Ola Fibra Telecomunicacoes LTDA,4,1,10,low,repeated_attacks_ge_2,0,0,False,False,,
AS267026,,,4,1,10,low,repeated_attacks_ge_2,0,0,False,False,,
AS267396,,,4,1,10,low,repeated_attacks_ge_2,0,0,False,False,,
AS267708,267708,SP SISTEMAS PALACIOS LTDA,4,1,10,low,repeated_attacks_ge_2,0,0,False,False,,
AS267769,267769,TV CABLE VILLANUEVA S.A.S(TVIDIGITAL),4,1,10,low,repeated_attacks_ge_2,0,0,False,False,,
AS268280,,,4,1,10,low,repeated_attacks_ge_2,0,0,False,False,,
AS268960,ASN268960,STARLINE SERVIÇOS DE INTERNET - ME,4,1,10,low,repeated_attacks_ge_2,0,0,False,False,,
AS269264,,,4,1,10,low,repeated_attacks_ge_2,0,0,False,False,,
AS269820,269820,FULL DATA COMUNICACIONES C.A.,4,1,10,low,repeated_attacks_ge_2,0,0,False,False,,
AS270035,,,4,1,10,low,repeated_attacks_ge_2,0,0,False,False,,
AS270375,,,4,1,10,low,repeated_attacks_ge_2,0,0,False,False,,
AS270444,ASN270444,ZBL Telecom,4,1,10,low,repeated_attacks_ge_2,0,0,False,False,,
AS270626,,,4,1,10,low,repeated_attacks_ge_2,0,0,False,False,,
AS270690,,,4,1,10,low,repeated_attacks_ge_2,0,0,False,False,,
AS271053,ASN271053,POWERNET TELECOMUNICACOES,4,1,10,low,repeated_attacks_ge_2,0,0,False,False,,
AS271415,,,4,1,10,low,repeated_attacks_ge_2,0,0,False,False,,
AS271493,ASN271493,SPEED NET PEDRA,4,1,10,low,repeated_attacks_ge_2,0,0,False,False,,
AS271565,,,4,1,10,low,repeated_attacks_ge_2,0,0,False,False,,
AS273171,,,4,1,10,low,repeated_attacks_ge_2,0,0,False,False,,
AS274386,,,4,1,10,low,repeated_attacks_ge_2,0,0,False,False,,
AS274850,274850,ALVAREZ MILCIADE,4,1,10,low,repeated_attacks_ge_2,0,0,False,False,,
AS275619,,,4,1,10,low,repeated_attacks_ge_2,0,0,False,False,,
AS2764,AAPT,AAPT Limited,4,1,10,low,repeated_attacks_ge_2,0,0,False,False,,
AS28138,,,4,1,10,low,repeated_attacks_ge_2,0,0,False,False,,
AS28183,ASN28183,MICRON LINE SERVICOS DE INFORMATICA LTDA - ME,4,1,10,low,repeated_attacks_ge_2,0,0,False,False,,
AS28270,,,4,1,10,low,repeated_attacks_ge_2,0,0,False,False,,
AS28294,ASN28294,GIGA MAIS FIBRA TELECOMUNICACOES S.A.,4,1,10,low,repeated_attacks_ge_2,0,0,False,False,,
AS31725,,,4,1,10,low,repeated_attacks_ge_2,0,0,False,False,,
AS329211,,,4,1,10,low,repeated_attacks_ge_2,0,0,False,False,,
AS329220,ORG-DOE1-AFRINIC,Patrick Machika,4,1,10,low,repeated_attacks_ge_2,0,0,False,False,,
AS34056,KIEVNET,KIEVNET-MNT,4,1,10,low,repeated_attacks_ge_2,0,0,False,False,,
AS34136,UNLIMITEDFIBER,LLC Universalna Merezheva Kompaniya,4,1,10,low,repeated_attacks_ge_2,0,0,False,False,,
AS34606,,,4,1,10,low,repeated_attacks_ge_2,0,0,False,False,,
AS35588,LIS,Andrey Gerasimov,4,1,10,low,repeated_attacks_ge_2,0,0,False,False,,
AS37228,ORG-ORN1-AFRINIC,KT RWANDA NETWORK Ltd,4,1,10,low,repeated_attacks_ge_2,0,0,False,False,,
AS37332,ORG-ZO1-AFRINIC,Zimbabwe Online,4,1,10,low,repeated_attacks_ge_2,0,0,False,False,,
AS37616,ORG-AGS2-AFRINIC,Rodrigue Moutsinga Mboula,4,1,10,low,repeated_attacks_ge_2,0,0,False,False,,
AS39032,ISPETC,East Telecom contacts,4,1,10,low,repeated_attacks_ge_2,0,0,False,False,,
AS398478,,,4,1,10,low,repeated_attacks_ge_2,0,0,False,False,,
AS400031,GIGAPACKET,GigaPacket LLC,4,1,10,low,repeated_attacks_ge_2,0,0,False,False,,
AS40788,,,4,1,10,low,repeated_attacks_ge_2,0,0,False,False,,
AS41564,AS41564,Mikael Bjorg,4,1,10,low,repeated_attacks_ge_2,0,0,False,False,,
AS41704,OGS-AS,"JSC ""Ufanet""",4,1,10,low,repeated_attacks_ge_2,0,0,False,False,,
AS41985,,,4,1,10,low,repeated_attacks_ge_2,0,0,False,False,,
AS44866,,,4,1,10,low,repeated_attacks_ge_2,0,0,False,False,,
AS45044,,,4,1,10,low,repeated_attacks_ge_2,0,0,False,False,,
AS45325,PC24NET-AS-ID,PC24NET Hostmasters,4,1,10,low,repeated_attacks_ge_2,0,0,False,False,,
AS4657,STARHUB-INTERNET,IRT-STARHUBINTERNET-SG,4,1,10,low,repeated_attacks_ge_2,0,0,False,False,,
AS47389,,,4,1,10,low,repeated_attacks_ge_2,0,0,False,False,,
AS48004,,,4,1,10,low,repeated_attacks_ge_2,0,0,False,False,,
AS4804,,,4,1,10,low,repeated_attacks_ge_2,0,0,False,False,,
AS49120,,,4,1,10,low,repeated_attacks_ge_2,0,0,False,False,,
AS49332,,,4,1,10,low,repeated_attacks_ge_2,0,0,False,False,,
AS50043,CLICKNET,KON45-MNT,4,1,10,low,repeated_attacks_ge_2,0,0,False,False,,
AS50477,SV-EN-AS,MNT-SVEN,4,1,10,low,repeated_attacks_ge_2,0,0,False,False,,
AS50498,LIPETSK-AS,Network Operation Center CJSC ER-Telecom Holding Lipetsk branch,4,1,10,low,repeated_attacks_ge_2,0,0,False,False,,
AS50928,SYNTSIB-AS,MEGAFON-EAST-MNT,4,1,10,low,repeated_attacks_ge_2,0,0,False,False,,
AS51515,VEGA-NET-AS,Konstantin Pryahin,4,1,10,low,repeated_attacks_ge_2,0,0,False,False,,
AS51874,HOMENET-SUMY,MNT-HOMENET-SUMY,4,1,10,low,repeated_attacks_ge_2,0,0,False,False,,
AS52809,ASN52809,Itanel Provedores de Informática LTDA,4,1,10,low,repeated_attacks_ge_2,0,0,False,False,,
AS52843,ASN52843,Magnos A. Both e Cia Ltda,4,1,10,low,repeated_attacks_ge_2,0,0,False,False,,
AS52988,ASN52988,PLENA TELECOM,4,1,10,low,repeated_attacks_ge_2,0,0,False,False,,
AS55430,,,4,1,10,low,repeated_attacks_ge_2,0,0,False,False,,
AS58075,,,4,1,10,low,repeated_attacks_ge_2,0,0,False,False,,
AS58330,ALNET-AS,DP AlNet NOC,4,1,10,low,repeated_attacks_ge_2,0,0,False,False,,
AS59371,,,4,1,10,low,repeated_attacks_ge_2,0,0,False,False,,
AS59762,INSTALTELECOM-AS,InstalTelecom NOC,4,1,10,low,repeated_attacks_ge_2,0,0,False,False,,
AS60367,,,4,1,10,low,repeated_attacks_ge_2,0,0,False,False,,
AS61071,,,4,1,10,low,repeated_attacks_ge_2,0,0,False,False,,
AS61713,ASN61713,Tangent Telecomunicacoes,4,1,10,low,repeated_attacks_ge_2,0,0,False,False,,
AS61937,,,4,1,10,low,repeated_attacks_ge_2,0,0,False,False,,
AS62206,,,4,1,10,low,repeated_attacks_ge_2,0,0,False,False,,
AS62240,Clouvider,Clouvider NOC,4,1,10,low,repeated_attacks_ge_2,0,0,False,False,,
AS62904,AS62904,Eonix Corporation,4,1,10,low,repeated_attacks_ge_2,0,0,False,False,,
AS63023,AS-GLOBALTELEHOST,GTHost,4,1,10,low,repeated_attacks_ge_2,0,0,False,False,,
AS6407,PRIMUS-AS6407,Primus Telecommunications Canada Inc.,4,1,10,low,repeated_attacks_ge_2,0,0,False,False,,
AS7794,,,4,1,10,low,repeated_attacks_ge_2,0,0,False,False,,
AS7992,,,4,1,10,low,repeated_attacks_ge_2,0,0,False,False,,
AS8416,,,4,1,10,low,repeated_attacks_ge_2,0,0,False,False,,
AS8437,UTA-AS,AS12635-MNT,4,1,10,low,repeated_attacks_ge_2,0,0,False,False,,
AS8580,SANDY,AS8580-MNT,4,1,10,low,repeated_attacks_ge_2,0,0,False,False,,
AS8781,,,4,1,10,low,repeated_attacks_ge_2,0,0,False,False,,
AS9119,,,4,1,10,low,repeated_attacks_ge_2,0,0,False,False,,
AS9202,ZSSM-AS,GYUSS-MNT,4,1,10,low,repeated_attacks_ge_2,0,0,False,False,,
AS134922,RGTECHNOSOLUTIONS-AS,IRT-RGTECHNOSOLUTIONS-IN,3,2,10,low,repeated_attacks_ge_2,0,0,False,False,,
AS20940,,,3,2,10,low,repeated_attacks_ge_2,0,0,False,False,,
AS24757,,,3,2,10,low,repeated_attacks_ge_2,0,0,False,False,,
AS263656,ASN263656,BRSULNET TELECOM LTDA,3,2,10,low,repeated_attacks_ge_2,0,0,False,False,,
AS266860,,,3,2,10,low,repeated_attacks_ge_2,0,0,False,False,,
AS9988,,,3,2,10,low,repeated_attacks_ge_2,0,0,False,False,,
AS11835,,,3,1,10,low,repeated_attacks_ge_2,0,0,False,False,,
AS11976,FIDN,Fidelity Communication International Inc.,3,1,10,low,repeated_attacks_ge_2,0,0,False,False,,
AS133776,CHINATELECOM-Fujian-Quanzhou-IDC1,IRT-CHINANET-FJ,3,1,10,low,repeated_attacks_ge_2,0,0,False,False,,
AS135392,MILLENIALHOSTLIMITED-AS-GB,IRT-TELE-ASIA,3,1,10,low,repeated_attacks_ge_2,0,0,False,False,,
AS135688,BESTIN-AS-IN,IRT-BESTIN-IN,3,1,10,low,repeated_attacks_ge_2,0,0,False,False,,
AS137654,,,3,1,10,low,repeated_attacks_ge_2,0,0,False,False,,
AS137695,,,3,1,10,low,repeated_attacks_ge_2,0,0,False,False,,
AS138421,,,3,1,10,low,repeated_attacks_ge_2,0,0,False,False,,
AS138950,,,3,1,10,low,repeated_attacks_ge_2,0,0,False,False,,
AS150706,HKZTCL-AS-AP,IRT-HKZTCL-HK,3,1,10,low,repeated_attacks_ge_2,0,0,False,False,,
AS151318,,,3,1,10,low,repeated_attacks_ge_2,0,0,False,False,,
AS153551,AXENTECPLC-AS-AP,IRT-AXENTECPLC1-BD,3,1,10,low,repeated_attacks_ge_2,0,0,False,False,,
AS153651,,,3,1,10,low,repeated_attacks_ge_2,0,0,False,False,,
AS15695,Expereo,Expereo Network Operations,3,1,10,low,repeated_attacks_ge_2,0,0,False,False,,
AS16628,DEDICATED-FIBER-COMMUNICATIONS,DedFiberCo,3,1,10,low,repeated_attacks_ge_2,0,0,False,False,,
AS198831,HOLYCLOUD,fr-nolanmetayer-mnt,3,1,10,low,repeated_attacks_ge_2,0,0,False,False,,
AS201021,,,3,1,10,low,repeated_attacks_ge_2,0,0,False,False,,
AS203462,,,3,1,10,low,repeated_attacks_ge_2,0,0,False,False,,
AS204997,FIRSTBYTE-AS,FIRSTBYTE-MNT,3,1,10,low,repeated_attacks_ge_2,0,0,False,False,,
AS206358,,,3,1,10,low,repeated_attacks_ge_2,0,0,False,False,,
AS208951,AS-ITGLOBALCOM,ITGLOBAL US LIR ADMINISTRATORS,3,1,10,low,repeated_attacks_ge_2,0,0,False,False,,
AS209836,,,3,1,10,low,repeated_attacks_ge_2,0,0,False,False,,
AS211066,,,3,1,10,low,repeated_attacks_ge_2,0,0,False,False,,
AS211619,,,3,1,10,low,repeated_attacks_ge_2,0,0,False,False,,
AS212219,,,3,1,10,low,repeated_attacks_ge_2,0,0,False,False,,
AS212259,,,3,1,10,low,repeated_attacks_ge_2,0,0,False,False,,
AS215667,,,3,1,10,low,repeated_attacks_ge_2,0,0,False,False,,
AS216395,hostbet,Abuse contact role object,3,1,10,low,repeated_attacks_ge_2,0,0,False,False,,
AS25163,ORG-sCTL1-AFRINIC,21st Century Technologies Limited,3,1,10,low,repeated_attacks_ge_2,0,0,False,False,,
AS263988,,,3,1,10,low,repeated_attacks_ge_2,0,0,False,False,,
AS264564,,,3,1,10,low,repeated_attacks_ge_2,0,0,False,False,,
AS265175,,,3,1,10,low,repeated_attacks_ge_2,0,0,False,False,,
AS265289,,,3,1,10,low,repeated_attacks_ge_2,0,0,False,False,,
AS265354,ASN265354,Microchip.Net Fibra Óptica,3,1,10,low,repeated_attacks_ge_2,0,0,False,False,,
AS266460,ASN266460,NetGo Telecomunicações do Brasil,3,1,10,low,repeated_attacks_ge_2,0,0,False,False,,
AS269193,,,3,1,10,low,repeated_attacks_ge_2,0,0,False,False,,
AS270058,,,3,1,10,low,repeated_attacks_ge_2,0,0,False,False,,
AS273172,,,3,1,10,low,repeated_attacks_ge_2,0,0,False,False,,
AS273244,,,3,1,10,low,repeated_attacks_ge_2,0,0,False,False,,
AS29550,SIMPLYTRANSIT,AS29550 Operators,3,1,10,low,repeated_attacks_ge_2,0,0,False,False,,
AS31566,ASSKYNETWORK,Marsel Rysaev,3,1,10,low,repeated_attacks_ge_2,0,0,False,False,,
AS328490,,,3,1,10,low,repeated_attacks_ge_2,0,0,False,False,,
AS3303,SWISSCOM,CH-UNISOURCE-MNT,3,1,10,low,repeated_attacks_ge_2,0,0,False,False,,
AS35125,,,3,1,10,low,repeated_attacks_ge_2,0,0,False,False,,
AS36943,ORG-KAL1-AFRINIC,Nico Visser,3,1,10,low,repeated_attacks_ge_2,0,0,False,False,,
AS37317,ORG-ACL7-AFRINIC,Hennie Roets,3,1,10,low,repeated_attacks_ge_2,0,0,False,False,,
AS399077,TERAEXCH,Tcloudnet,3,1,10,low,repeated_attacks_ge_2,0,0,False,False,,
AS400304,,,3,1,10,low,repeated_attacks_ge_2,0,0,False,False,,
AS42708,,,3,1,10,low,repeated_attacks_ge_2,0,0,False,False,,
AS43754,ASIATECH,ASIATECH-MNT,3,1,10,low,repeated_attacks_ge_2,0,0,False,False,,
AS47139,INDIGO-TAJIKISTAN-AS,Dmitriy Kasatkin,3,1,10,low,repeated_attacks_ge_2,0,0,False,False,,
AS49551,,,3,1,10,low,repeated_attacks_ge_2,0,0,False,False,,
AS50926,AXARNET-AS,AS50926-MNT,3,1,10,low,repeated_attacks_ge_2,0,0,False,False,,
AS53824,,,3,1,10,low,repeated_attacks_ge_2,0,0,False,False,,
AS54578,,,3,1,10,low,repeated_attacks_ge_2,0,0,False,False,,
AS58212,DATAFOREST,dataforest-MNT,3,1,10,low,repeated_attacks_ge_2,0,0,False,False,,
AS58369,,,3,1,10,low,repeated_attacks_ge_2,0,0,False,False,,
AS58834,,,3,1,10,low,repeated_attacks_ge_2,0,0,False,False,,
AS60757,OPTINET-AS,mnt-kz-optinet-1,3,1,10,low,repeated_attacks_ge_2,0,0,False,False,,
AS61792,ASN61792,IPNET TELECOMUNICACOES LTDA,3,1,10,low,repeated_attacks_ge_2,0,0,False,False,,
AS8551,,,3,1,10,low,repeated_attacks_ge_2,0,0,False,False,,
AS9676,,,3,1,10,low,repeated_attacks_ge_2,0,0,False,False,,
AS10066,GAYANET-AS-KR-KR,AS Manager,2,1,10,low,repeated_attacks_ge_2,0,0,False,False,,
AS10396,,,2,1,10,low,repeated_attacks_ge_2,0,0,False,False,,
AS11259,,,2,1,10,low,repeated_attacks_ge_2,0,0,False,False,,
AS12578,APOLLO-AS,LTC Hostmaster,2,1,10,low,repeated_attacks_ge_2,0,0,False,False,,
AS12963,VOLZ,LDC NOC,2,1,10,low,repeated_attacks_ge_2,0,0,False,False,,
AS132933,,,2,1,10,low,repeated_attacks_ge_2,0,0,False,False,,
AS134926,MICROHOST-AS,IRT-MICROHOST-IN,2,1,10,low,repeated_attacks_ge_2,0,0,False,False,,
AS135718,DISHAWAVESINFONET-AS,Manager NOC,2,1,10,low,repeated_attacks_ge_2,0,0,False,False,,
AS138152,,,2,1,10,low,repeated_attacks_ge_2,0,0,False,False,,
AS140791,BKH-AS-VN,IRT-VNNIC-AP,2,1,10,low,repeated_attacks_ge_2,0,0,False,False,,
AS140947,SNTHOSTINGS-AS-AP,SnTHostings administrator,2,1,10,low,repeated_attacks_ge_2,0,0,False,False,,
AS142511,ASNETWORK-AS-IN,IRT-ASNETWORK-IN,2,1,10,low,repeated_attacks_ge_2,0,0,False,False,,
AS14569,,,2,1,10,low,repeated_attacks_ge_2,0,0,False,False,,
AS14988,ORG-BTC2-AFRINIC,Oduetse Saviour Ditsie,2,1,10,low,repeated_attacks_ge_2,0,0,False,False,,
AS151185,CT-XIANGYANG-IDC2,Qiongfang Li,2,1,10,low,repeated_attacks_ge_2,0,0,False,False,,
AS151734,WEBYNEDC-AS-IN,DIRECTOR WEBYNEDC,2,1,10,low,repeated_attacks_ge_2,0,0,False,False,,
AS152565,JOYSVC-AS-IN,IRT-JOYSVC-IN,2,1,10,low,repeated_attacks_ge_2,0,0,False,False,,
AS15525,MEO-EMPRESAS,AS15525-MNT,2,1,10,low,repeated_attacks_ge_2,0,0,False,False,,
AS16591,GOOGLE-FIBER,Google Fiber Inc.,2,1,10,low,repeated_attacks_ge_2,0,0,False,False,,
AS17623,CNCGROUP-SZ,ChinaUnicom Hostmaster,2,1,10,low,repeated_attacks_ge_2,0,0,False,False,,
AS19114,,,2,1,10,low,repeated_attacks_ge_2,0,0,False,False,,
AS199276,,,2,1,10,low,repeated_attacks_ge_2,0,0,False,False,,
AS200051,VPSLab-Networks,Abuse contact role object,2,1,10,low,repeated_attacks_ge_2,0,0,False,False,,
AS204044,Onlyservers,Packet Star Networks Limited,2,1,10,low,repeated_attacks_ge_2,0,0,False,False,,
AS211750,,,2,1,10,low,repeated_attacks_ge_2,0,0,False,False,,
AS212706,LIVI-HOSTING-AS,lir-ru-ztv-1-MNT,2,1,10,low,repeated_attacks_ge_2,0,0,False,False,,
AS215859,,,2,1,10,low,repeated_attacks_ge_2,0,0,False,False,,
AS216127,NUXT-AS,INTERNATIONAL HOSTING COMPANY LIMITED,2,1,10,low,repeated_attacks_ge_2,0,0,False,False,,
AS22552,ESITED,eSited Solutions,2,1,10,low,repeated_attacks_ge_2,0,0,False,False,,
AS23860,ALLIANCE-GATEWAY-AS-AP,Sk Akramul Alam,2,1,10,low,repeated_attacks_ge_2,0,0,False,False,,
AS24165,UBBNET-AS-TW,Evans Lin,2,1,10,low,repeated_attacks_ge_2,0,0,False,False,,
AS262393,ASN262393,A ALVES GOMES INFORMATICA - ME,2,1,10,low,repeated_attacks_ge_2,0,0,False,False,,
AS262481,ASN262481,VERO S.A,2,1,10,low,repeated_attacks_ge_2,0,0,False,False,,
AS262698,ASN262698,MKM Internet Solution Provider Ltda,2,1,10,low,repeated_attacks_ge_2,0,0,False,False,,
AS263040,,,2,1,10,low,repeated_attacks_ge_2,0,0,False,False,,
AS263055,,,2,1,10,low,repeated_attacks_ge_2,0,0,False,False,,
AS263482,ASN263482,Megalink Servicos Ltda,2,1,10,low,repeated_attacks_ge_2,0,0,False,False,,
AS264114,ASN264114,RZ NET LTDA.,2,1,10,low,repeated_attacks_ge_2,0,0,False,False,,
AS264688,264688,RperezNet,2,1,10,low,repeated_attacks_ge_2,0,0,False,False,,
AS264696,264696,CABLEMAR,2,1,10,low,repeated_attacks_ge_2,0,0,False,False,,
AS264878,,,2,1,10,low,repeated_attacks_ge_2,0,0,False,False,,
AS266795,,,2,1,10,low,repeated_attacks_ge_2,0,0,False,False,,
AS268185,ASN268185,J. C. COMERCIO E SERVICOS DE PROVEDOR DE INTERNET,2,1,10,low,repeated_attacks_ge_2,0,0,False,False,,
AS268568,ASN268568,IMPLANTAR TELECOM SOCIEDADE LIMITADA,2,1,10,low,repeated_attacks_ge_2,0,0,False,False,,
AS269092,ASN269092,JPNET SERVICOS DE INFORMATICA E TELECOMUNICACOES L,2,1,10,low,repeated_attacks_ge_2,0,0,False,False,,
AS269154,,,2,1,10,low,repeated_attacks_ge_2,0,0,False,False,,
AS269299,,,2,1,10,low,repeated_attacks_ge_2,0,0,False,False,,
AS269589,,,2,1,10,low,repeated_attacks_ge_2,0,0,False,False,,
AS269626,,,2,1,10,low,repeated_attacks_ge_2,0,0,False,False,,
AS270310,,,2,1,10,low,repeated_attacks_ge_2,0,0,False,False,,
AS270724,ASN270724,CLIENT.CO SERVIÇOS E TELECOMUNICAÇÕES LTDA,2,1,10,low,repeated_attacks_ge_2,0,0,False,False,,
AS271448,,,2,1,10,low,repeated_attacks_ge_2,0,0,False,False,,
AS273103,,,2,1,10,low,repeated_attacks_ge_2,0,0,False,False,,
AS28239,ASN28239,IWserver Internet Banda Larga Ltda.,2,1,10,low,repeated_attacks_ge_2,0,0,False,False,,
AS28590,,,2,1,10,low,repeated_attacks_ge_2,0,0,False,False,,
AS28598,ASN28598,DB3 SERVICOS DE TELECOMUNICACOES S.A,2,1,10,low,repeated_attacks_ge_2,0,0,False,False,,
AS30058,FDCSERVERS,FDCservers.net,2,1,10,low,repeated_attacks_ge_2,0,0,False,False,,
AS30083,,,2,1,10,low,repeated_attacks_ge_2,0,0,False,False,,
AS328988,ORG-STEP1-AFRINIC,GEBRETINSAE WELDEMICHAEL,2,1,10,low,repeated_attacks_ge_2,0,0,False,False,,
AS329049,ORG-RANC1-AFRINIC,Ring a Nerd cc,2,1,10,low,repeated_attacks_ge_2,0,0,False,False,,
AS34629,,,2,1,10,low,repeated_attacks_ge_2,0,0,False,False,,
AS34779,T-2-AS,MNT-T-2,2,1,10,low,repeated_attacks_ge_2,0,0,False,False,,
AS35213,COMPNETUA-AS,COMPNETUA-MNT,2,1,10,low,repeated_attacks_ge_2,0,0,False,False,,
AS36884,ORG-MC5-AFRINIC,Hassan Elmansouri,2,1,10,low,repeated_attacks_ge_2,0,0,False,False,,
AS36937,,,2,1,10,low,repeated_attacks_ge_2,0,0,False,False,,
AS39927,,,2,1,10,low,repeated_attacks_ge_2,0,0,False,False,,
AS401243,KOMI-NET,Komi LLC,2,1,10,low,repeated_attacks_ge_2,0,0,False,False,,
AS41794,SIBSET-BARN-AS,Siberian Networks NOC,2,1,10,low,repeated_attacks_ge_2,0,0,False,False,,
AS42003,OGERONET,Toufic Chebaro,2,1,10,low,repeated_attacks_ge_2,0,0,False,False,,
AS42017,ARSINFORM-AS,Boris Brattsev,2,1,10,low,repeated_attacks_ge_2,0,0,False,False,,
AS42093,INTERRACKS-AS,Roland Kamphuis,2,1,10,low,repeated_attacks_ge_2,0,0,False,False,,
AS42313,,,2,1,10,low,repeated_attacks_ge_2,0,0,False,False,,
AS43180,TRUNKNETWORKS-AS,Trunk Networks LTD,2,1,10,low,repeated_attacks_ge_2,0,0,False,False,,
AS44291,,,2,1,10,low,repeated_attacks_ge_2,0,0,False,False,,
AS45365,,,2,1,10,low,repeated_attacks_ge_2,0,0,False,False,,
AS45638,,,2,1,10,low,repeated_attacks_ge_2,0,0,False,False,,
AS47286,OTS-AS,Andrey V. Tishkov,2,1,10,low,repeated_attacks_ge_2,0,0,False,False,,
AS48683,,,2,1,10,low,repeated_attacks_ge_2,0,0,False,False,,
AS48728,,,2,1,10,low,repeated_attacks_ge_2,0,0,False,False,,
AS50187,BWC,BaikalWestCom,2,1,10,low,repeated_attacks_ge_2,0,0,False,False,,
AS50411,,,2,1,10,low,repeated_attacks_ge_2,0,0,False,False,,
AS52524,ASN52524,Terabyte Serviços de Telecom B Larga EPP LTDA,2,1,10,low,repeated_attacks_ge_2,0,0,False,False,,
AS52525,ASN52525,INPASUPRI - Com. de Suprimentos p/Inf. Ltda,2,1,10,low,repeated_attacks_ge_2,0,0,False,False,,
AS52548,,,2,1,10,low,repeated_attacks_ge_2,0,0,False,False,,
AS55470,CYFUTURE-AS-IN,IRT-CYFUTURE-IN,2,1,10,low,repeated_attacks_ge_2,0,0,False,False,,
AS55850,MERCURYNZ-AS-AP,AS55850 - Network Administrator,2,1,10,low,repeated_attacks_ge_2,0,0,False,False,,
AS57962,UgtegekomgrupAS,Andriy Zolotaryov,2,1,10,low,repeated_attacks_ge_2,0,0,False,False,,
AS60631,PARVASYSTEM,BitCommand LLC,2,1,10,low,repeated_attacks_ge_2,0,0,False,False,,
AS61906,ASN61906,UNIMAX TELECOM,2,1,10,low,repeated_attacks_ge_2,0,0,False,False,,
AS62164,HEYMMAN-2,Francis de Lasalle,2,1,10,low,repeated_attacks_ge_2,0,0,False,False,,
AS6724,,,2,1,10,low,repeated_attacks_ge_2,0,0,False,False,,
AS6810,,,2,1,10,low,repeated_attacks_ge_2,0,0,False,False,,
AS6871,Plusnet,BTNET-INFRA-MNT,2,1,10,low,repeated_attacks_ge_2,0,0,False,False,,
AS7590,,,2,1,10,low,repeated_attacks_ge_2,0,0,False,False,,
AS8376,,,2,1,10,low,repeated_attacks_ge_2,0,0,False,False,,
AS8473,,,2,1,10,low,repeated_attacks_ge_2,0,0,False,False,,
AS8570,LES,Alexei V Yarikov,2,1,10,low,repeated_attacks_ge_2,0,0,False,False,,
AS8717,A1BG,A1 Bulgaria EAD Registry,2,1,10,low,repeated_attacks_ge_2,0,0,False,False,,
AS9304,HUTCHISON-AS-AP,ITMM HGC,2,1,10,low,repeated_attacks_ge_2,0,0,False,False,,
AS9316,,,2,1,10,low,repeated_attacks_ge_2,0,0,False,False,,
AS9824,JTCL-JP-AS,Jupiter Telecommunication Co Ltd administrator,2,1,10,low,repeated_attacks_ge_2,0,0,False,False,,
AS135799,RNETXT-AS,Manager Admin,4,4,0,low,,0,0,False,False,,
AS1136,,,1,1,0,low,,0,0,False,False,,
AS12683,STATEL-AS,Alexander Ivanov,1,1,0,low,,0,0,False,False,,
AS131471,,,1,1,0,low,,0,0,False,False,,
AS132116,,,1,1,0,low,,0,0,False,False,,
AS133246,SOFTWORLD-AS-IN,IRT-IN-SOFTWORLD,1,1,0,low,,0,0,False,False,,
AS133408,UNITEN-AS-AP,UNIVERSITI TENAGA NASIONAL SDN BHD,1,1,0,low,,0,0,False,False,,
AS133933,,,1,1,0,low,,0,0,False,False,,
AS133982,EXCITEL-AS-IN,Excitel IP Management,1,1,0,low,,0,0,False,False,,
AS136525,,,1,1,0,low,,0,0,False,False,,
AS137532,BHUIYANTELECOM-AS-AP,IRT-BHUIYANTELECOM-BD,1,1,0,low,,0,0,False,False,,
AS137655,,,1,1,0,low,,0,0,False,False,,
AS137872,PEOPLESPHONE-HK,IRT-PEOPLESPHONE-HK,1,1,0,low,,0,0,False,False,,
AS138544,,,1,1,0,low,,0,0,False,False,,
AS139549,CRISPENT-AS,IRT-CRISPENT-IN,1,1,0,low,,0,0,False,False,,
AS139994,,,1,1,0,low,,0,0,False,False,,
AS149513,VCL-147-149513,Vertex Connectivity LLC,1,1,0,low,,0,0,False,False,,
AS1547,,,1,1,0,low,,0,0,False,False,,
AS16186,,,1,1,0,low,,0,0,False,False,,
AS16611,,,1,1,0,low,,0,0,False,False,,
AS17586,,,1,1,0,low,,0,0,False,False,,
AS20021,,,1,1,0,low,,0,0,False,False,,
AS202422,GHOST,GCL1-MNT,1,1,0,low,,0,0,False,False,,
AS204800,WHG-SGP,lir-uk-whgi-1-MNT,1,1,0,low,,0,0,False,False,,
AS207645,FWNETWORKS-AS,Carlos Bock Montero,1,1,0,low,,0,0,False,False,,
AS21003,ORG-GPaT1-AFRINIC,General Post and Telecommunication Company (GPTC),1,1,0,low,,0,0,False,False,,
AS213389,ASPODOLSK,Andrei Ogon,1,1,0,low,,0,0,False,False,,
AS213665,ParminCloud-IaaS,Info,1,1,0,low,,0,0,False,False,,
AS214397,,,1,1,0,low,,0,0,False,False,,
AS216129,,,1,1,0,low,,0,0,False,False,,
AS23028,,,1,1,0,low,,0,0,False,False,,
AS23314,ORLANDOTELCO,Summit Broadband,1,1,0,low,,0,0,False,False,,
AS25144,TELEKOM-SRPSKE-AS,Sladjana vasilic,1,1,0,low,,0,0,False,False,,
AS262344,,,1,1,0,low,,0,0,False,False,,
AS262685,,,1,1,0,low,,0,0,False,False,,
AS262785,,,1,1,0,low,,0,0,False,False,,
AS263238,263238,Eliana Vanessa Morocho Oña,1,1,0,low,,0,0,False,False,,
AS263864,ASN263864,VERO S.A,1,1,0,low,,0,0,False,False,,
AS263985,,,1,1,0,low,,0,0,False,False,,
AS263994,ASN263994,Fullnet Telecomunicações LTDA,1,1,0,low,,0,0,False,False,,
AS264022,ASN264022,REDE CONEXAONET,1,1,0,low,,0,0,False,False,,
AS264477,ASN264477,FLIX FIBRA,1,1,0,low,,0,0,False,False,,
AS264863,ASN264863,New Help Telecomunicaçoes Ltda-Me,1,1,0,low,,0,0,False,False,,
AS265086,ASN265086,Infinyt Alpha S.A,1,1,0,low,,0,0,False,False,,
AS265763,,,1,1,0,low,,0,0,False,False,,
AS266710,266710,Gimenez Pedro Santiago (Clorindaconectada),1,1,0,low,,0,0,False,False,,
AS266915,ASN266915,QUALITY TELECOMUNICAÇÃO,1,1,0,low,,0,0,False,False,,
AS267102,,,1,1,0,low,,0,0,False,False,,
AS267265,ASN267265,DINAMICA TELECOM LTDA,1,1,0,low,,0,0,False,False,,
AS267994,ASN267994,MAIS INTERNET COMERCIO SERVICOS E TELEC LTDA,1,1,0,low,,0,0,False,False,,
AS268296,ASN268296,BARRANET TELECOMUNICAÇÕES LTDA,1,1,0,low,,0,0,False,False,,
AS268494,ASN268494,TURBO NET TELECOMUNICAÇÃO LTDA ME,1,1,0,low,,0,0,False,False,,
AS268581,,,1,1,0,low,,0,0,False,False,,
AS268735,ASN268735,Eletrosat Telecom Ltda,1,1,0,low,,0,0,False,False,,
AS268873,ASN268873,Sindelar Serviços de Internet Ltda,1,1,0,low,,0,0,False,False,,
AS269278,,,1,1,0,low,,0,0,False,False,,
AS269749,269749,"NETCOM PLUS, C.A",1,1,0,low,,0,0,False,False,,
AS270459,,,1,1,0,low,,0,0,False,False,,
AS270953,ASN270953,IDL Telecomunicações LTDA,1,1,0,low,,0,0,False,False,,
AS271345,ASN271345,ND TELECOM FIBRA,1,1,0,low,,0,0,False,False,,
AS271538,ASN271538,EB FOX TELECOM LTDA,1,1,0,low,,0,0,False,False,,
AS271900,,,1,1,0,low,,0,0,False,False,,
AS28210,ASN28210,GIGA MAIS FIBRA TELECOMUNICACOES S.A.,1,1,0,low,,0,0,False,False,,
AS28536,,,1,1,0,low,,0,0,False,False,,
AS28537,28537,"Mexico Red de Telecomunicaciones, S. de R.L. de C.V.",1,1,0,low,,0,0,False,False,,
AS28890,,,1,1,0,low,,0,0,False,False,,
AS328856,ORG-VCL7-AFRINIC,VIJIJI CONNECT LIMITED,1,1,0,low,,0,0,False,False,,
AS36218,WHG-CAN,lir-uk-whgi-1-MNT,1,1,0,low,,0,0,False,False,,
AS37532,,,1,1,0,low,,0,0,False,False,,
AS38091,HELLONET-AS-KR-KR,AS Manager,1,1,0,low,,0,0,False,False,,
AS38136,AKARI-NETWORKS-AS-AP,Akari Networks Limited,1,1,0,low,,0,0,False,False,,
AS399356,,,1,1,0,low,,0,0,False,False,,
AS400596,,,1,1,0,low,,0,0,False,False,,
AS42610,NCNET-AS,NCNET NCC Operations,1,1,0,low,,0,0,False,False,,
AS42960,,,1,1,0,low,,0,0,False,False,,
AS46687,,,1,1,0,low,,0,0,False,False,,
AS47119,,,1,1,0,low,,0,0,False,False,,
AS48925,,,1,1,0,low,,0,0,False,False,,
AS49453,GLOBALLAYER,Global Layer,1,1,0,low,,0,0,False,False,,
AS52705,,,1,1,0,low,,0,0,False,False,,
AS53078,,,1,1,0,low,,0,0,False,False,,
AS53085,,,1,1,0,low,,0,0,False,False,,
AS53175,,,1,1,0,low,,0,0,False,False,,
AS53230,,,1,1,0,low,,0,0,False,False,,
AS55944,OOREDOO-MV,OOREDOO MALDIVES PRIVATE LIMITED,1,1,0,low,,0,0,False,False,,
AS57588,HAYAT-ISP-ASN,Amer Al-Jarah,1,1,0,low,,0,0,False,False,,
AS58507,WL-AS-AP,Wireline B and G Pty Ltd administrator,1,1,0,low,,0,0,False,False,,
AS61112,AkileCloud,AKILE-MNT,1,1,0,low,,0,0,False,False,,
AS61828,ASN61828,NETWISE INFORMATICA LTDA,1,1,0,low,,0,0,False,False,,
AS62390,NEXONHOST,NEXON-MNT,1,1,0,low,,0,0,False,False,,
AS6866,CYTA-NETWORK,Christakis Christophorou,1,1,0,low,,0,0,False,False,,
AS8615,CNT-AS,Alexey A Petrov,1,1,0,low,,0,0,False,False,,
AS9129,ORG-VSA1-AFRINIC,Dijon Mannie,1,1,0,low,,0,0,False,False,,
